-- Se realizo el back up de los datos de todas las tablas. Articulos, Articulos_en_Promocion, Detalle_Tickets,Perfil_Clientes, Sucursales, 

CREATE DATABASE  IF NOT EXISTS `sql_coderhouse_narvaja_santiago` /*!40100 DEFAULT CHARACTER SET utf8mb4 COLLATE utf8mb4_0900_ai_ci */ /*!80016 DEFAULT ENCRYPTION='N' */;
USE `sql_coderhouse_narvaja_santiago`;
-- MySQL dump 10.13  Distrib 8.0.28, for Win64 (x86_64)
--
-- Host: 127.0.0.1    Database: sql_coderhouse_narvaja_santiago
-- ------------------------------------------------------
-- Server version	8.0.28

/*!40101 SET @OLD_CHARACTER_SET_CLIENT=@@CHARACTER_SET_CLIENT */;
/*!40101 SET @OLD_CHARACTER_SET_RESULTS=@@CHARACTER_SET_RESULTS */;
/*!40101 SET @OLD_COLLATION_CONNECTION=@@COLLATION_CONNECTION */;
/*!50503 SET NAMES utf8 */;
/*!40103 SET @OLD_TIME_ZONE=@@TIME_ZONE */;
/*!40103 SET TIME_ZONE='+00:00' */;
/*!40014 SET @OLD_UNIQUE_CHECKS=@@UNIQUE_CHECKS, UNIQUE_CHECKS=0 */;
/*!40014 SET @OLD_FOREIGN_KEY_CHECKS=@@FOREIGN_KEY_CHECKS, FOREIGN_KEY_CHECKS=0 */;
/*!40101 SET @OLD_SQL_MODE=@@SQL_MODE, SQL_MODE='NO_AUTO_VALUE_ON_ZERO' */;
/*!40111 SET @OLD_SQL_NOTES=@@SQL_NOTES, SQL_NOTES=0 */;

--
-- Dumping data for table `articulos`
--

LOCK TABLES `articulos` WRITE;
/*!40000 ALTER TABLE `articulos` DISABLE KEYS */;
INSERT INTO `articulos` VALUES (117,'MASIVO','BEBIDAS ALCOHOL','VINOS','VINO F.EL PORTILLO MALBEC X750',214.454),(121,'MASIVO','ALMACEN DULCE','GALLETAS','GALL.BAGLEY OPERA AGRUP.4X55GR.',48.76),(122,'FRESCOS','ELABORACION PROPIA','TORTAS','TORTA DE FRUTILLAS EP X KG',446.28),(1820,'FRESCOS','ELABORACION PROPIA','SANDWICHS','SANDW. NGO. J.COCIDO/QUESO X 12 UN',412.397),(9808,'MASIVO','CUIDADO PERSONAL','BELLEZA','CR PONDS CLARANT B3 GRA 100G',248.339),(9812,'TECNO','DEPORTES','DEPORTES DE EQUIPO','PELOTA DRB NEWELLS ESTADI0 N5',1486.78),(9814,'MASIVO','BEBIDAS ALCOHOL','VINOS','VINO F NAT MALBEC X750ML',104.124),(9817,'FRESCOS','ELABORACION PROPIA','SANDWICHS','BAGUETTE JAM.CRUDO/QUESO X UN',123.967),(10216,'MASIVO','CUIDADO PERSONAL','BELLEZA','CR. ALGABO FRESH POMO 200ML',109.917),(11879,'MASIVO','BEBIDAS ALCOHOL','VINOS','VINO DADA 8 CHOC 750 CC',250.818),(12431,'MASIVO','BEBIDAS NO ALCOHOL','AGUAS','AGUA SAB.V.D.S LEVITE POMX500ML',37.628),(12489,'MASIVO','CUIDADO PERSONAL','BELLEZA','CR.VERITAS  EXTRA SECA 400ML',242.967),(13628,'MASIVO','CUIDADO PERSONAL','BELLEZA','CR.LOREAL HUM.HT5 ANTIBIBR.50G',424.785),(14635,'MASIVO','ALMACEN DULCE','GALLETAS','GALL.LIA POLVORITA VAIN. X80GR',17.512),(17575,'TECNO','LIBRERIA','ESCRITURA','PLASTILINA X 250GR AZUL',153.636),(17958,'MASIVO','ALMACEN DULCE','GALLETAS','LARGUIT HOJALDRE BONAFIDE150GR',54.821),(17975,'TECNO','LIBRERIA','PAPELERIA','CUAD.AMERICA RAYADO T/F X48H',39.917),(18195,'MASIVO','ALMACEN DULCE','GALLETAS','GALL.LIA POLVORITA FRUT. X80GR',17.488),(18198,'MASIVO','BEBIDAS NO ALCOHOL','AGUAS','AQUARIUS MANZANA X2,25',88.52),(20332,'MASIVO','BEBIDAS ALCOHOL','VINOS','ESTUCHE FINCA NATALINA',361.975),(20872,'TECNO','LIBRERIA','COMPLEMENTOS','CANOPLA TUBO C/ CIERRE',214.5),(20981,'MASIVO','BEBIDAS ALCOHOL','VINOS','VINO ALMA MORA SYRAH X750ML',245.859),(21864,'TECNO','LIBRERIA','PAPELERIA','CUAD.EXITO ARAÑA 48H RAY T/D CEL',230.578),(21873,'FRESCOS','ELABORACION PROPIA','TORTAS','BIZCOCHUELO DE FRUTAS EP X KG',446.27),(23054,'MASIVO','BEBIDAS ALCOHOL','VINOS','VINO DILEMA DCE NATURAL X750ML',172.306),(23913,'ESTACIONAL','BAZAR DECO','BAÑO ORDEN','TENDER DE PISO ALUMINIO SLIM',2065.29),(24129,'MASIVO','ALMACEN DULCE','GALLETAS','GALL.LIA POLVORITA FRUT. X80GR',17.487),(24750,'MASIVO','CUIDADO PERSONAL','BELLEZA','AGUA GARNIER MICELAR BIF.400ML',429.661),(26613,'ESTACIONAL','BAZAR DECO','DECO COTILLON','SAHUM VARILLA X20 SAND/PEPINO.',123.141),(28191,'MASIVO','ALMACEN DULCE','GALLETAS','GALLET LINCOLN CLAS ANGRYX153G',47.934),(28366,'MASIVO','BEBIDAS ALCOHOL','VINOS','VINO FCA NATALINA SYR ROB X750ML',210.735),(35015,'MASIVO','CUIDADO PERSONAL','BELLEZA','CREMA CORP ESTRIA HIDRA INTEN',344.215),(35075,'TECNO','CULTURA','LIBROS','MUNDO DE LYNA, EL',599.1),(35093,'MASIVO','BEBIDAS NO ALCOHOL','AGUAS','SER LIMON C/G X1500ML',88.529),(35111,'TECNO','LIBRERIA','PAPELERIA','REP. RIVADAVIA N°3 48H RAY',132.149),(35139,'TECNO','LIBRERIA','COMPLEMENTOS','SET 3 LAPIC + GOMA + SACAP',74.297),(35184,'MASIVO','BEBIDAS NO ALCOHOL','AGUAS','MAGNA POMELO X 2.250',61.975),(35223,'MASIVO','BEBIDAS ALCOHOL','VINOS','VINO HAROL RES MALB X750ML',264.867),(35264,'MASIVO','ALMACEN DULCE','GALLETAS','GALL.LIA POLVORITA VAIN. X80GR',17.512),(35295,'MASIVO','CUIDADO PERSONAL','BELLEZA','CR ST IVES HUMEC DIARIA 350ML',216.207),(35297,'TECNO','LIBRERIA','ESCRITURA','BOLIG RET FILGOREAL GRIP 1,0MM AZUL BPRG10RM03',54.463),(35348,'MASIVO','ALMACEN DULCE','GALLETAS','OBLEAS TYM D/LECHE 50G',20.355),(35350,'FRESCOS','ELABORACION PROPIA','TORTAS','TORTA RECTANGULAR EP X KG',446.285),(35469,'TECNO','CULTURA','LIBROS','A JUGAR CON UNICORNIOS, SIREN',269.1),(35519,'FRESCOS','ELABORACION PROPIA','SANDWICHS','SAND.M.TRIPLE J.C./Q.BCO X3UN',146.273),(35596,'TECNO','LIBRERIA','ESCRITURA','LAPIZ GRAFFITO CONTE EVOL. X4U',94.959),(35597,'MASIVO','BEBIDAS ALCOHOL','VINOS','VINO EMILIA NS MALBEC X750ML',273.132),(35740,'MASIVO','CUIDADO PERSONAL','BELLEZA','CREMA NEUTROG.BODY P.SECX200M',123.116),(35891,'ESTACIONAL','BAZAR DECO','BAÑO ORDEN','PERCHA P/ROPA ECON.PRACTI X4UN',222.314),(59141,'TECNO','LIBRERIA','ESCRITURA','CINTA CORRECTORA EXACT LINERX1',346.281),(59295,'ESTACIONAL','BAZAR DECO','DECO COTILLON','PORTARETRATO BGE 10X15 SF5051',164.463),(59452,'MASIVO','ALMACEN DULCE','GALLETAS','GALL.FORMIS VAIN/FRU X108GR',39.975),(59460,'MASIVO','ALMACEN DULCE','GALLETAS','PEPITOS REGULAR QI 60X119G',64.38),(59806,'MASIVO','BEBIDAS NO ALCOHOL','AGUAS','AWAFRUT POMELO 2,25',74.67),(72070,'MASIVO','BEBIDAS ALCOHOL','VINOS','V RASTROS TTO 750 CC',80.984),(96192,'TECNO','LIBRERIA','COMPLEMENTOS','SEPARADOR N°3 CAMISETA FUTBOL',34.628),(96194,'MASIVO','BEBIDAS ALCOHOL','VINOS','VINO DV. LACRADO ROBLE MALX750',137.182),(99035,'MASIVO','BEBIDAS ALCOHOL','VINOS','VINO COLON TORRONTES X 750CC',127.265),(99045,'MASIVO','BEBIDAS NO ALCOHOL','AGUAS','AQUARIUS POM.ROSADO X 2,25',106.231),(99143,'ESTACIONAL','MANTENIMIENTO','MAQUINAS ELECTRICAS','JUEGO PTAS P/ATORN 31PZ',1313.22),(99149,'MASIVO','BEBIDAS NO ALCOHOL','AGUAS','LEVITE NARANJA S/G X 300ML',26.562),(99153,'MASIVO','CUIDADO PERSONAL','BELLEZA','CR.NIVEA.VIS.REGE.NOCHEX50ML',421.66),(99154,'MASIVO','ALMACEN DULCE','GALLETAS','BIZCOCHO 9 DE ORO AGRID. X200G',35.784),(99218,'MASIVO','BEBIDAS ALCOHOL','VINOS','VINO BENJ.NS CAB-SAU X750ML',161.149),(99271,'MASIVO','ALMACEN DULCE','GALLETAS','GALL.TIA MARUCA ANI.COCO 250G',53.43),(99326,'MASIVO','ALMACEN DULCE','GALLETAS','GALL PAMELA VAIN RELL 97GR',27.397),(99351,'MASIVO','CUIDADO PERSONAL','BELLEZA','CR.REVITALIFT FSP30 X50GR',718.173),(99410,'MASIVO','ALMACEN DULCE','GALLETAS','BIZCOCHO 9 DE ORO AGRID. X200G',31.322),(99467,'ESTACIONAL','BAZAR DECO','BAÑO ORDEN','TARRO FLIP TOP CÚBICO 2L',288.43),(99565,'TECNO','LIBRERIA','PAPELERIA','PAPEL AFICHE COLORES SURT.X2',68.512),(99743,'MASIVO','BEBIDAS ALCOHOL','VINOS','VINO COLON CAB.SAUV.    X750CC',126.246),(101419,'MASIVO','ALMACEN DULCE','GALLETAS','OBLEA 9ORO RELL VAI FRU 100G',34.384),(101428,'MASIVO','BEBIDAS ALCOHOL','VINOS','VINO L MORAS SAU BLANC X750ML',186.355),(101753,'MASIVO','BEBIDAS ALCOHOL','VINOS','VINO COLON CAB.SAUV.    X750CC',126.247),(102044,'MASIVO','ALMACEN DULCE','GALLETAS','GALL.LIA POLVORITA CHOC X80GR',17.487),(104063,'MASIVO','CUIDADO PERSONAL','BELLEZA','EMUL.DERMAGLOS FACIAL F20 70ML.',900.405),(104100,'MASIVO','BEBIDAS NO ALCOHOL','AGUAS','AQUARIUS LIMONADAX1.50',75.239),(106976,'MASIVO','BEBIDAS NO ALCOHOL','AGUAS','AGUA SAB LEVITE MNA S/G X2,25LT',97.38),(107719,'TECNO','LIBRERIA','PAPELERIA','REPUESTO DIBÙJO COLOR     Nº 5',41.24),(108879,'ESTACIONAL','BAZAR DECO','BAÑO ORDEN','HERMETICO 3.8L ALTO X3',619.8),(113949,'MASIVO','CUIDADO PERSONAL','BELLEZA','MAS.FACIAL NIVEA PURIF',271.66),(114158,'ESTACIONAL','BAZAR DECO','BAÑO ORDEN','HERMETICO 1.0L. ALTO X3',247.108),(114161,'MASIVO','CUIDADO PERSONAL','BELLEZA','CR LOREAL UV DEFENDER CLARO40',865.281),(114163,'ESTACIONAL','BAZAR DECO','BAÑO ORDEN','CUBETERA SILIC.BASTON',329.752),(114166,'MASIVO','BEBIDAS ALCOHOL','VINOS','VINO LATITUD 33 TEMP X750ML',239.661),(114173,'MASIVO','ALMACEN DULCE','GALLETAS','OBLEAS TYM CHOCOLATE  50G',20.355),(114253,'ESTACIONAL','BAZAR DECO','BAÑO ORDEN','CJ ORG SOPRANO C/TPA GRAND GR',577.686),(118498,'MASIVO','BEBIDAS ALCOHOL','VINOS','VINO DADA ART MALBEC 391X 750',234.289),(118789,'TECNO','LIBRERIA','COMPLEMENTOS','BROCHES N° 10 (CAJA 1000)',36.281),(118796,'MASIVO','BEBIDAS ALCOHOL','VINOS','VINO DADA ART MALBEC 391X 750',234.289),(120687,'TECNO','LIBRERIA','ADHESIVOS','VOLIGOMA BLISTER ST597   X30ML.',56.198),(120693,'ESTACIONAL','BAZAR DECO','DECO COTILLON','VELA NUMEROTE GIBRE 4',114.876),(120840,'TECNO','LIBRERIA','PAPELERIA','ROTULOS X3PLANCHAS X1UN',42.66),(120844,'ESTACIONAL','BAZAR DECO','DECO COTILLON','VELA NUMEROTE GIBRE 8',114.876),(120861,'ESTACIONAL','BAZAR DECO','DECO COTILLON','VELA NUMEROTE GIBRE 9',114.876),(120988,'MASIVO','CUIDADO PERSONAL','BELLEZA','LECHE LIMP.NIVEA VIS.HID.X200M',383.876),(122932,'MASIVO','BEBIDAS NO ALCOHOL','AGUAS','AQUARIUS NARANJA 2,25ML',88.521),(125207,'MASIVO','ALMACEN DULCE','GALLETAS','GALLET PEPITOS  QI X354G',120.355),(133046,'MASIVO','ALMACEN DULCE','GALLETAS','MINI FLORA MEMBRILLO X 70GR',26.992),(133048,'TECNO','LIBRERIA','ESCRITURA','PINCELES CHATOS X5 X1UN',140.413),(133049,'MASIVO','ALMACEN DULCE','GALLETAS','OBLEA GAO CUBICUB ORIGINAL100G',53.108),(133157,'TECNO','LIBRERIA','COMPLEMENTOS','CANOPLA PLANA LINE',238.843),(133160,'FRESCOS','ELABORACION PROPIA','TORTAS','TORTA BOMBON EP X KG',446.292),(133162,'FRESCOS','ELABORACION PROPIA','TORTAS','TORTA SELVA NEGRA EP X KG',446.28),(133170,'FRESCOS','ELABORACION PROPIA','TORTAS','TORTA SELVA NEGRA EP X KG',446.294),(133173,'MASIVO','BEBIDAS ALCOHOL','VINOS','VINO COLON ROSADO  X750CC.',126.438),(133182,'MASIVO','BEBIDAS ALCOHOL','VINOS','VINO VENTUS ROBLE BLEND 750 CC',273.132),(133191,'MASIVO','ALMACEN DULCE','GALLETAS','GALL MINI PAMELA MANT 180 GR',37.173),(133223,'MASIVO','BEBIDAS ALCOHOL','VINOS','VINO CHACABUCO VIOGNIER 750 CC',128.917),(133236,'MASIVO','ALMACEN DULCE','GALLETAS','OBLEAS TYM D/LECHE 50G',10.611),(133283,'TECNO','CULTURA','LIBROS','COL. CLASICOS POP-UP-4 TITULO',599.1),(133324,'ESTACIONAL','BAZAR DECO','DECO COTILLON','PACK X 2 VELONCITOS CITRUS',164.463),(133358,'MASIVO','BEBIDAS ALCOHOL','VINOS','VINO OMNIUM MALBEC X750ML',136.281),(133373,'MASIVO','BEBIDAS ALCOHOL','VINOS','VINO V.BIANCHI DOC.MALB.X750',261.149),(133425,'TECNO','LIBRERIA','ESCRITURA','BOLÍGRAFO 1 MM. AZUL X4',70.992),(133426,'MASIVO','ALMACEN DULCE','GALLETAS','GALLETA SAB VID AVENACOCO186GR',61.959),(133448,'MASIVO','ALMACEN DULCE','GALLETAS','GALL.BAGLEY OPERA AGRUP.4X55GR.',79.669),(133451,'MASIVO','ALMACEN DULCE','GALLETAS','GALL.LIA POLVORITA VAIN. X80GR',17.512),(135491,'MASIVO','BEBIDAS NO ALCOHOL','AGUAS','H2O CITRUS X 269 ML',34.5),(138391,'MASIVO','BEBIDAS ALCOHOL','VINOS','AYA SYRAH RESERVA 750CC',438.835),(138401,'MASIVO','CUIDADO PERSONAL','BELLEZA','CR.GOICOECHEA REAFIRMANTE 200M',168.25),(138685,'MASIVO','ALMACEN DULCE','GALLETAS','GALL DUQUESA TOONIX 115GR',46.694),(140495,'MASIVO','BEBIDAS ALCOHOL','VINOS','VINO RUCA MALBEC 750 CCšššš šš',322.719),(146348,'MASIVO','ALMACEN DULCE','GALLETAS','OBLEA 9ORO RELL VAI FRU 100G',35.405),(146376,'MASIVO','BEBIDAS NO ALCOHOL','AGUAS','SER CITRUS PASION C/G 1500',88.521),(146592,'ESTACIONAL','BAZAR DECO','DECO COTILLON','VELA 6 X 6 VERBENA   FRESIA',164.463),(147846,'MASIVO','ALMACEN DULCE','GALLETAS','OBLEAS TYM FRUTILLA 50G',10.611),(147966,'MASIVO','BEBIDAS NO ALCOHOL','AGUAS','TERMA POMELADA 1,5 LITROS',69.339),(148228,'MASIVO','BEBIDAS NO ALCOHOL','AGUAS','AGUA VDS LEVITE NAR. S/GX500ML',37.182),(149220,'FRESCOS','ELABORACION PROPIA','TORTAS','TORTA CUMPLEAÑOS EP X KG',446.273),(149453,'MASIVO','BEBIDAS ALCOHOL','VINOS','VINO SELEC.A.M.TOR.TTO. X700CC',68.587),(150330,'ESTACIONAL','BAZAR DECO','DECO COTILLON','FLOR HORTENSIA NA01009PT.',329.752),(150817,'TECNO','CULTURA','LIBROS','LOUD HOUSE-GARABATOS RUIDOSOS',399.1),(153550,'MASIVO','ALMACEN DULCE','GALLETAS','GALL.BAGLEY AMOR SHR X112GR',41.206),(154116,'MASIVO','ALMACEN DULCE','GALLETAS','SURTIDO BAGLEY 21X390G',125.62),(154924,'MASIVO','BEBIDAS NO ALCOHOL','AGUAS','TERMA LIMONADA  J L 1,5 L',69.339),(160848,'FRESCOS','ELABORACION PROPIA','TORTAS','DELICIOSO DULCE D/LECHE EP X KG',446.281),(163922,'MASIVO','BEBIDAS NO ALCOHOL','AGUAS','AQUARIUS ZERO C/G CITRUS 2,25L',89.5),(166870,'MASIVO','BEBIDAS ALCOHOL','VINOS','VINO CRESPI RES.TTO X 1LT',54.124),(166886,'ESTACIONAL','BAZAR DECO','DECO COTILLON','CRISANTEMO FUCSIA 64CM',164.463),(168058,'MASIVO','CUIDADO PERSONAL','BELLEZA','CR.LOREAL HUM.HT5 ANTIBIBR.50G',463.364),(170062,'MASIVO','BEBIDAS NO ALCOHOL','AGUAS','AGUA SAB.FRESH POMELO X1.5L',59.975),(170254,'MASIVO','BEBIDAS ALCOHOL','VINOS','VINO CAFAYATE TTES X750ML',190.74),(170256,'MASIVO','ALMACEN DULCE','GALLETAS','GALLETA MILKA MOUSSE X116G',54.141),(170333,'MASIVO','BEBIDAS NO ALCOHOL','AGUAS','AGUA VDS LEVITE CERO POM X2,25LT',104.868),(171024,'MASIVO','CUIDADO PERSONAL','BELLEZA','CR REVITALIFT HYALURO DIA 50M',865.719),(173784,'ESTACIONAL','BAZAR DECO','BAÑO ORDEN','HERMETICO 600ML X3',164.463),(175484,'MASIVO','BEBIDAS ALCOHOL','VINOS','VINO SEL M TOR ABOCADO X700ML',71.479),(175735,'TECNO','LIBRERIA','COMPLEMENTOS','ABROCHADORA MAPED VIVO.',223.58),(175754,'TECNO','LIBRERIA','ESCRITURA','BOLÍGRAFO CRISTAL INTENSO NGR 1.6  X2',131.405),(176934,'MASIVO','CUIDADO PERSONAL','BELLEZA','CR.PONDS C PEPINO X100GR',180.984),(180396,'MASIVO','ALMACEN DULCE','GALLETAS','GALL.AVENA/PSAS CACHAFAZX225G',103.297),(181524,'MASIVO','ALMACEN DULCE','GALLETAS','GALL.LIA POLVORITA VAIN. X80GR',15.619),(181828,'TECNO','LIBRERIA','COMPLEMENTOS','G8 SPIDERMAN CANOP SIMPLE 4/2',412.397),(184166,'MASIVO','BEBIDAS ALCOHOL','VINOS','VINO BENJ NS TTES X750ML',181.397),(184240,'TECNO','LIBRERIA','COMPLEMENTOS','TIJERAS ESSENTIAL 13CM',98.347),(189575,'ESTACIONAL','BAZAR DECO','DECO COTILLON','SAHUM VARILLA X20 CITRUS W13C.-',123.141),(191222,'MASIVO','BEBIDAS ALCOHOL','VINOS','VINO MOUTIER TTO X 1125 CC',105.914),(194386,'TECNO','LIBRERIA','PAPELERIA','FOLIO ESCOLAR MANCHA X10U',39.587),(194963,'MASIVO','BEBIDAS ALCOHOL','VINOS','VINO EST MZA MAL-MER X750ML',133.49),(199367,'ESTACIONAL','BAZAR DECO','BAÑO ORDEN','FRASCO ACRILICO COPPER 500ML',660.33),(199576,'MASIVO','BEBIDAS ALCOHOL','VINOS','VINO ESTATE S. BLAN X 750 CC',216.934),(199941,'MASIVO','CUIDADO PERSONAL','BELLEZA','CR. HINDS ROSA MANOS 90',127.265),(199976,'MASIVO','ALMACEN DULCE','GALLETAS','GALL.GRANOLA CACHAFAZX225G',89.248),(200933,'ESTACIONAL','BAZAR DECO','DECO COTILLON','MARCO P/FOTOS MULTIPLE 51124',825.62),(201159,'MASIVO','CUIDADO PERSONAL','BELLEZA','CR ST IVES HUMEC DIARIA 532ML',295.8),(203349,'MASIVO','BEBIDAS ALCOHOL','VINOS','VINO EL BAUTISMO MALBEC 750 CC',147.926),(205129,'MASIVO','ALMACEN DULCE','GALLETAS','GALL MINI PAMELA MANT 180 GR',37.173),(205205,'MASIVO','ALMACEN DULCE','GALLETAS','BIZCOCHOS DON SATUR AGRI 200G',40.14),(205208,'ESTACIONAL','BAZAR DECO','DECO COTILLON','RAMO ROCOCO ROSA 41CM',247.107),(206709,'TECNO','LIBRERIA','PAPELERIA','CUAD.M. APUNTES 80HS P PUNK CUADRI',147.934),(206982,'TECNO','LIBRERIA','COMPLEMENTOS','TIJERAS ESSENTIAL GREEN 21CM',189.256),(206985,'MASIVO','BEBIDAS ALCOHOL','VINOS','VINO F.EL PORTILLO MALBEC X750',242.141),(207005,'MASIVO','ALMACEN DULCE','GALLETAS','GALL.VARIEDAD.X600G',125.305),(207010,'TECNO','LIBRERIA','COMPLEMENTOS','ABROCHADORA S-5150C C/B Nª 10',321.488),(207965,'MASIVO','CUIDADO PERSONAL','BELLEZA','ALGABO BODY CREAM REPARADORA',109.917),(208719,'MASIVO','CUIDADO PERSONAL','BELLEZA','TOA.DESMAQ.SUAVES NIVEA X25UN',145.777),(209816,'ESTACIONAL','BAZAR DECO','DECO COTILLON','PORTARETRATO MULTIP.X9 SF6144',990.909),(209820,'ESTACIONAL','BAZAR DECO','DECO COTILLON','VELA DE NOCHE BLISTER X 12U.',205.785),(209823,'FRESCOS','ELABORACION PROPIA','TORTAS','TORTA BOMBON EP X KG',446.28),(213416,'ESTACIONAL','BAZAR DECO','BAÑO ORDEN','GAV DE MESA 3 CAJONES CHICOS',247.108),(213502,'MASIVO','BEBIDAS ALCOHOL','VINOS','VINO SAN TELMO SELEC MALB X750ML',123.132),(221319,'MASIVO','BEBIDAS ALCOHOL','VINOS','EMILIA SAUVIG BLANC 750ML',243.793),(222460,'MASIVO','BEBIDAS ALCOHOL','VINOS','V MOUTIER BCO 1125 CC',108.495),(222476,'FRESCOS','ELABORACION PROPIA','TORTAS','TORTA MIXTA EP X KG',446.28),(239132,'MASIVO','BEBIDAS ALCOHOL','VINOS','VINO CAFAYATE CABERNET 750ML',264.454),(241037,'MASIVO','ALMACEN DULCE','GALLETAS','VOCACION CLASICA X141G',48.76),(241138,'MASIVO','BEBIDAS ALCOHOL','VINOS','VINO DOLORES CAB SAUV 750 CC',270.24),(243997,'MASIVO','ALMACEN DULCE','GALLETAS','BIZCOCHO 9 DE ORO AZUC. X210GR',31.322),(245512,'MASIVO','ALMACEN DULCE','GALLETAS','GALLETA OKEBON LECHE CHO 165GR',39.827),(245514,'TECNO','LIBRERIA','COMPLEMENTOS','TIJERA ADVANCE GREEN 17CM BLISTER',197.521),(245516,'TECNO','LIBRERIA','PAPELERIA','RESMA DUPLITUC A4 70 X1UN',288.43),(246087,'TECNO','LIBRERIA','PAPELERIA','REP.ESC.AMERICA CUAD.X48H',70.992),(246106,'ESTACIONAL','BAZAR DECO','DECO COTILLON','ALHAJERO DECO GMA196-1781-2',271.901),(247043,'MASIVO','ALMACEN DULCE','GALLETAS','GALLETAS MINIšOREO BTS 50G',30.669),(247157,'MASIVO','ALMACEN DULCE','GALLETAS','GALLETITAS CHOCOPAMELA X 230',54.815),(247493,'ESTACIONAL','BAZAR DECO','DECO COTILLON','BENGALA',114.876),(247495,'FRESCOS','ELABORACION PROPIA','TORTAS','TORTA CUMPLEAÑOS EP X KG',446.274),(247691,'FRESCOS','ELABORACION PROPIA','SANDWICHS','BAGUETTE JAM.COC/QU/LEC/TOMXUN',99.173),(247813,'MASIVO','ALMACEN DULCE','GALLETAS','BIZCOCHO 9 DE ORO AGRID. X200G',37.162),(249739,'MASIVO','CUIDADO PERSONAL','BELLEZA','AGUA MICELAR GARNIER ROSE 400M',479.132),(249782,'MASIVO','BEBIDAS ALCOHOL','VINOS','VINO COLON CLAS BLANCO X700ML',107.843),(253592,'TECNO','LIBRERIA','ESCRITURA','ROL. GELOCITY ILL BLX2 AZ',371.74),(253640,'FRESCOS','ELABORACION PROPIA','TORTAS','TORTA BOMBON EP X KG',446.28),(254653,'MASIVO','ALMACEN DULCE','GALLETAS','GALLET POLVOR TOSTEX X300',97.521),(258142,'MASIVO','BEBIDAS ALCOHOL','VINOS','V FINCA MAGNOLIA MALB 750 CC',223.546),(258647,'MASIVO','CUIDADO PERSONAL','BELLEZA','CR.NIVEA BODY HIDR.EXPRESS X400ML',287.182),(258816,'ESTACIONAL','BAZAR DECO','BAÑO ORDEN','CONTENEDOR DE SILICONA 350 ML',288.43),(261268,'TECNO','CULTURA','LIBROS','COL. NUEVOS SUPERCOLORES-4 TI',199.1),(261641,'TECNO','CULTURA','LIBROS','LOS GUARDIANES',1299.1),(261657,'TECNO','LIBRERIA','ADHESIVOS','ADHESIVO VINILICO X1 X30GRS',23.884),(261660,'TECNO','LIBRERIA','COMPLEMENTOS','TIJERA SECURITY 13 CM BLISTER',156.198),(261905,'MASIVO','BEBIDAS ALCOHOL','VINOS','VINO DV. LACR ROBLE CABERNX750',147.991),(261906,'MASIVO','BEBIDAS ALCOHOL','VINOS','VINO CRESPI RES.TTO X 1LT',54.95),(261907,'MASIVO','ALMACEN DULCE','GALLETAS','GALL.LIA POLVORITA VAIN. X80GR',15.619),(261908,'FRESCOS','ELABORACION PROPIA','SANDWICHS','MEDIALUNAS J/Q X 6 UN',156.198),(261910,'MASIVO','ALMACEN DULCE','GALLETAS','GALL. MINI PAMELA COCO 180 GR',37.173),(261912,'MASIVO','ALMACEN DULCE','GALLETAS','GALLETAS CEREAL MIX AVEN/CHOCO180G',60.173),(261936,'TECNO','LIBRERIA','PAPELERIA','CUAD.AVON 84H CUAD ESP.22X29',156.198),(262090,'MASIVO','BEBIDAS ALCOHOL','VINOS','VINO VALDER VAR BON-SYR X1,125ML',161.149),(262149,'MASIVO','CUIDADO PERSONAL','BELLEZA','CR.NIVEA BODY P. NORM X250ML',194.215),(262157,'MASIVO','ALMACEN DULCE','GALLETAS','GALL MINI PAMELA CHIPS 180 GR',43.81),(262158,'FRESCOS','ELABORACION PROPIA','SANDWICHS','SAND.M.TRIPLE J.C/Q. NGO X6UN',200.818),(262167,'MASIVO','BEBIDAS ALCOHOL','VINOS','VINO CRESPI RES.TTO X 1LT',54.95),(262308,'MASIVO','BEBIDAS ALCOHOL','VINOS','ESTUCHE FINCA NATALINA',340.488),(262877,'MASIVO','BEBIDAS ALCOHOL','VINOS','VINO COLIMAN TINTO X750',94.62),(262878,'MASIVO','BEBIDAS ALCOHOL','VINOS','VINO COLON CAB.SAUV.    X750CC',126.248),(262879,'TECNO','LIBRERIA','ESCRITURA','BOLIGRAFO KMTR. 100 FUN COLORS',131.405),(262880,'MASIVO','ALMACEN DULCE','GALLETAS','GALLETAS ANILLO COCO 120GR',25.62),(262885,'FRESCOS','ELABORACION PROPIA','TORTAS','BIZCOCHUELO DE FRUTAS EP X KG',446.28),(263310,'MASIVO','ALMACEN DULCE','GALLETAS','PEPITOS REGULAR QI 60X119G',73.99),(265209,'MASIVO','ALMACEN DULCE','GALLETAS','GALL.AVENA/CHIPS CACHAFAZX225G',128.959),(265267,'MASIVO','ALMACEN DULCE','GALLETAS','GALL.ARCOR MANA VAIN.X393C',104.413),(265552,'MASIVO','BEBIDAS ALCOHOL','VINOS','VINO COLON SYRAH  X750CC',127.265),(265570,'MASIVO','ALMACEN DULCE','GALLETAS','GALL.VARIETTE TRIO  X500GR',88.521),(265580,'MASIVO','BEBIDAS NO ALCOHOL','AGUAS','AQUARIUS PERA 375 ML',21.479),(265590,'MASIVO','ALMACEN DULCE','GALLETAS','BIZCOCHO 9 DE ORO AGRID. X200G',38.163),(266123,'MASIVO','BEBIDAS NO ALCOHOL','AGUAS','MAGNA CITRUS 2.250 CC',61.975),(268572,'MASIVO','BEBIDAS NO ALCOHOL','AGUAS','AGUA VDS LEVITE NAR. S/GX1.5L',72.595),(268872,'ESTACIONAL','BAZAR DECO','BAÑO ORDEN','CAJA P/ALIM. LINEA 1  2350CC',222.314),(269183,'MASIVO','ALMACEN DULCE','GALLETAS','GALLETAS ANILLO VAINILLA 120G',25.619),(269666,'FRESCOS','ELABORACION PROPIA','TORTAS','BIZCH.RED.VAIN. 21CM PANADXUN',77.273),(269672,'ESTACIONAL','BAZAR DECO','BAÑO ORDEN','CUBETERA MODERNA X1UN',123.141),(269692,'MASIVO','CUIDADO PERSONAL','BELLEZA','CR.NIVEA BODY HIDR.EXPRESS X400ML',304.124),(269731,'MASIVO','BEBIDAS ALCOHOL','VINOS','VINO COLON MBEC SYR 750 CC',126.438),(269742,'ESTACIONAL','BAZAR DECO','BAÑO ORDEN','PERCHA MADERA DECORADA',81.818),(270636,'FRESCOS','ELABORACION PROPIA','TORTAS','TORTA BOMBON EP X KG',446.28),(270756,'MASIVO','BEBIDAS ALCOHOL','VINOS','VINO TERRAZAS A.D.P. MALBX750ML',293.793),(270760,'MASIVO','BEBIDAS ALCOHOL','VINOS','VINO NAMPE MALBEC X750CC',162.389),(270762,'MASIVO','CUIDADO PERSONAL','BELLEZA','CR.VERITAS  EXTRA SECA 400ML',183.91),(270773,'MASIVO','BEBIDAS ALCOHOL','VINOS','VINO DADA C/ESPECIAS X750ML',190.83),(270774,'FRESCOS','ELABORACION PROPIA','TORTAS','TORTA SELVA NEGRA EP X KG',446.28),(270781,'MASIVO','BEBIDAS ALCOHOL','VINOS','VINO ESMERALDA CAB SAUV 750 CC',354.124),(273066,'MASIVO','ALMACEN DULCE','GALLETAS','GALLETAS MINIšOREO BTS 50G',40.678),(273493,'MASIVO','ALMACEN DULCE','GALLETAS','GALL.BAGLEY OPERA     X92GR',43.388),(273503,'MASIVO','BEBIDAS ALCOHOL','VINOS','VINO F.NAT DCE TARDIO X750ML',104.124),(273643,'MASIVO','ALMACEN DULCE','GALLETAS','OBLEAS TYM CHOCOLATE  50G',10.611),(274152,'MASIVO','ALMACEN DULCE','GALLETAS','GALL.BAGLEY RUMBA X112GR',39.256),(274331,'MASIVO','ALMACEN DULCE','GALLETAS','GALL.VARIEDAD CHOC.X300G',85.124),(275159,'FRESCOS','ELABORACION PROPIA','TORTAS','TORTA MIXTA EP X KG',446.28),(275601,'TECNO','CULTURA','LIBROS','COL BONELLI ROMANTICA 1',699.1),(275634,'MASIVO','BEBIDAS ALCOHOL','VINOS','SUTER BIVAR MAL-BON 750 CC',126.851),(275981,'MASIVO','BEBIDAS NO ALCOHOL','AGUAS','AQUARIUS MANZANA X2,25',106.231),(276094,'MASIVO','BEBIDAS ALCOHOL','VINOS','V ETCHART PRIV  TTES CT 750 CC',139.41),(276440,'MASIVO','BEBIDAS NO ALCOHOL','AGUAS','LEVITE CERO NARANJA S/G X 500M',38.16),(276442,'ESTACIONAL','BAZAR DECO','BAÑO ORDEN','CAJA ORG SOPRANO PEQ BLANCA',164.463),(276443,'MASIVO','ALMACEN DULCE','GALLETAS','GALL.SONRISAS FRAMB X118GR',39.785),(276446,'MASIVO','CUIDADO PERSONAL','BELLEZA','MAS.NIVEA UR.DETOX PEELOFF 75M',350.488),(276456,'FRESCOS','ELABORACION PROPIA','SANDWICHS','SAND.M.TRIPLE J.C/Q BCO X 6UN',100.413),(276529,'TECNO','LIBRERIA','COMPLEMENTOS','FOLIO A4 EQUIPO COMERCIAL X10',78.43),(276559,'MASIVO','BEBIDAS ALCOHOL','VINOS','VINO DON VALENT LACR. TTOX750ML',136.562),(276736,'MASIVO','ALMACEN DULCE','GALLETAS','BIZCOCHO 9 DE ORO AZUC. X210GR',35.454),(276755,'MASIVO','ALMACEN DULCE','GALLETAS','GALLETA DE LIMÓN BAÑADAS CON AZUCAR',115.703),(276760,'MASIVO','ALMACEN DULCE','GALLETAS','BIZCOCHO 9 DE ORO AZUC. X210GR',34.669),(276869,'ESTACIONAL','BAZAR DECO','BAÑO ORDEN','PERCHA MADERA CORBATERO',106.611),(276913,'FRESCOS','ELABORACION PROPIA','TORTAS','TORTA SELVA NEGRA EP X KG',446.28),(276914,'MASIVO','BEBIDAS ALCOHOL','VINOS','VINO BENJ. CHARD. X750ML',180.57),(276915,'ESTACIONAL','BAZAR DECO','BAÑO ORDEN','HERMETICO RED.SILICONA 18X7CM',495.41),(277457,'MASIVO','BEBIDAS ALCOHOL','VINOS','VINO HEREFORD BCO DULCE X750ML',123.132),(278571,'MASIVO','CUIDADO PERSONAL','BELLEZA','CR. CORP.HINDS DOB.VIT.A 350ML',187.595),(278572,'TECNO','LIBRERIA','ESCRITURA','LAPIZ CORRECTOR 9MM EZCO',70.992),(279278,'MASIVO','BEBIDAS NO ALCOHOL','AGUAS','AGUA H2OH! NARANCH 2,25 LT',119.529),(279279,'MASIVO','ALMACEN DULCE','GALLETAS','GALL SURT DIVERSION X400GR',65.471),(282952,'MASIVO','BEBIDAS ALCOHOL','VINOS','V LA LINDA MBC OLD VIN 750 CC',537.182),(283771,'MASIVO','ALMACEN DULCE','GALLETAS','GALLETAS COQUITAS X250G',79.273),(283889,'TECNO','LIBRERIA','ESCRITURA','BOLIGRAFO OPACO DURA +1MM NEGRO BL X 3',139.67),(285926,'FRESCOS','ELABORACION PROPIA','TORTAS','TORTA BOMBON EP X KG',446.28),(286685,'MASIVO','CUIDADO PERSONAL','BELLEZA','CREMA GOICOECHEA GELFRESH BR',137.108),(286797,'MASIVO','CUIDADO PERSONAL','BELLEZA','JAB TOC ASEPXIA EXFOLIANT 100G',114.876),(288366,'MASIVO','ALMACEN DULCE','GALLETAS','OBLEAS TYM FRUTILLA 50G',20.355),(290644,'MASIVO','ALMACEN DULCE','GALLETAS','OBLEA BAUDUCCO NUECES X140G',52.884),(290645,'MASIVO','ALMACEN DULCE','GALLETAS','GALL.BAGLEY MELLIZAS X112GR',45.41),(291845,'MASIVO','BEBIDAS ALCOHOL','VINOS','VINO BENJ.NS MALBEC X750ML',181.397),(292162,'MASIVO','BEBIDAS ALCOHOL','VINOS','VINO SALENTEIN MALB RVE X750ML',575.198),(294404,'FRESCOS','ELABORACION PROPIA','SANDWICHS','SAND.PAN NGO.SEMILLAD J/Q2UN21',67.355),(295094,'FRESCOS','ELABORACION PROPIA','TORTAS','TORTA BOMBON EP X KG',446.281),(295096,'ESTACIONAL','BAZAR DECO','BAÑO ORDEN','SET 3 HERMT 1,200 ML RECT C/V',329.752),(295163,'MASIVO','ALMACEN DULCE','GALLETAS','GALL CHOC RELL CHOCO 120G',57.537),(295529,'ESTACIONAL','BAZAR DECO','BAÑO ORDEN','BOLSA ECO.MODELOS SURTIDOS',123.14),(295530,'ESTACIONAL','BAZAR DECO','BAÑO ORDEN','ORG C/LABEL TRANSP MED',247.108),(295582,'ESTACIONAL','BAZAR DECO','BAÑO ORDEN','HERMETICO  1000ML',164.463),(295764,'MASIVO','BEBIDAS ALCOHOL','VINOS','VINO BENJ.NS MALBEC X750ML',159.909),(295768,'ESTACIONAL','BAZAR DECO','BAÑO ORDEN','SET X12 ANILLOS DE CORTINA',495.41),(295774,'ESTACIONAL','BAZAR DECO','BAÑO ORDEN','BOLSA ECO.MODELOS SURTIDOS',123.141),(297001,'MASIVO','ALMACEN DULCE','GALLETAS','GALLETAS GAONA CHIPS CHOC172GR',66.388),(299216,'MASIVO','ALMACEN DULCE','GALLETAS','PEPAS DON SATUR X 300 GRS',54.876),(299254,'ESTACIONAL','BAZAR DECO','BAÑO ORDEN','HERMET.RECT.BAJO CH.0,43L 7/5E',354.546),(299255,'MASIVO','ALMACEN DULCE','GALLETAS','GALL PAMELA CHOC RELL 97GR',27.396),(299321,'TECNO','CULTURA','LIBROS','LI-MINI TRO-NO DRA LLAMA',64.9),(299338,'MASIVO','BEBIDAS ALCOHOL','VINOS','V AGUMA BONARDA 750 C.',132.636),(299344,'MASIVO','ALMACEN DULCE','GALLETAS','GALL.BAGLEY OPERA AGRUP.4X55GR.',65.239),(299357,'MASIVO','ALMACEN DULCE','GALLETAS','GALL.MERENGADAS X93GR',43.33),(299386,'ESTACIONAL','BAZAR DECO','BAÑO ORDEN','HERMET RECT 2LT CLIP X1UN',189.256),(299562,'MASIVO','BEBIDAS ALCOHOL','VINOS','VINO F.LAS MORAS C.SAUV. X750',151.24),(299578,'MASIVO','CUIDADO PERSONAL','BELLEZA','CREMA TEATRICAL HUMEC.100',119.1),(299675,'MASIVO','ALMACEN DULCE','GALLETAS','GALL.VARIEDAD.X600G',125.669),(299913,'TECNO','DEPORTES','MUSCULACION','PESA RUSA 4KG',742.975),(305498,'ESTACIONAL','BAZAR DECO','DECO COTILLON','MARCO P/FOTO 20X25 SF61484',288.43),(306456,'TECNO','LIBRERIA','ESCRITURA','LAPC. BIC EVOLUTION 4MM ESX12',288.43),(306521,'MASIVO','BEBIDAS NO ALCOHOL','AGUAS','AGUA SAB AWAFRUT POM S/G 500',36.876),(306536,'MASIVO','ALMACEN DULCE','GALLETAS','GALL DONUTS ORAN BIT X78GR',57.25),(309202,'ESTACIONAL','BAZAR DECO','DECO COTILLON','VELA GIBRE NRO 8 ROSA',82.562),(309450,'MASIVO','BEBIDAS NO ALCOHOL','AGUAS','AGUA SAB VDS LEVITE PERA X2,25LT',97.38),(310017,'MASIVO','BEBIDAS NO ALCOHOL','AGUAS','AGUA H2OH! NARANCH 2,25 LT',119.487),(310037,'FRESCOS','ELABORACION PROPIA','TORTAS','TORTA SELVA NEGRA EP X KG',446.281),(312478,'TECNO','LIBRERIA','PAPELERIA','FOLIO STAND/PR A4X10',147.934),(312514,'MASIVO','ALMACEN DULCE','GALLETAS','OBLEA 9ORO RELL VAI FRU 100G',31.322),(313326,'ESTACIONAL','BAZAR DECO','BAÑO ORDEN','HERMETICO 600ML X3',247.108),(313329,'MASIVO','BEBIDAS ALCOHOL','VINOS','VINO VALMONT BCO.X 750CC',202.471),(313938,'ESTACIONAL','BAZAR DECO','BAÑO ORDEN','CAJA PLEG.31X31 BLEU',660.33),(313951,'MASIVO','BEBIDAS ALCOHOL','VINOS','VINO COLON SAUVIGNON X750ML',141.727),(314485,'MASIVO','ALMACEN DULCE','GALLETAS','BIZCOCHO 9 DE ORO AZUC. X210GR',31.322),(314540,'ESTACIONAL','BAZAR DECO','BAÑO ORDEN','ALFOMBRA PVC 67X35 CM',660.33),(314541,'MASIVO','BEBIDAS NO ALCOHOL','AGUAS','AGUA SAB.FRESH PERA X 1.5L',54.876),(314886,'ESTACIONAL','MANTENIMIENTO','MAQUINAS ELECTRICAS','SIERRA CALADORA 55MM 320W',2065.29),(314967,'MASIVO','BEBIDAS NO ALCOHOL','AGUAS','AWAFRUT MANZANA X1.650',53.743),(315120,'FRESCOS','ELABORACION PROPIA','SANDWICHS','SAND.M.JAM.COC/QUESO BCO X12UN',412.396),(315253,'MASIVO','BEBIDAS ALCOHOL','VINOS','VINO EST MZA MALBEC X750ML',159.909),(316638,'ESTACIONAL','BAZAR DECO','DECO COTILLON','DALIA C/PIMPOLLO 65CM NAE0200',123.141),(316639,'MASIVO','CUIDADO PERSONAL','BELLEZA','CR.HINDS ALMENDRAS X 250ML',177.265),(319158,'MASIVO','ALMACEN DULCE','GALLETAS','GALLET CHIPS CHOC TOSTEX X300G',90.83),(319881,'MASIVO','ALMACEN DULCE','GALLETAS','GALL PAMELA VAIN RELL 97GR',29.207),(320790,'MASIVO','ALMACEN DULCE','GALLETAS','GALLET ROSQ CHOC TOSTEX X 300',81.818),(320943,'MASIVO','ALMACEN DULCE','GALLETAS','PEPAS DULCE MAMA  MEMBR 350GR',69.422),(321017,'MASIVO','ALMACEN DULCE','GALLETAS','SURTIDO DIVERSION 21X390G',111.57),(321260,'MASIVO','ALMACEN DULCE','GALLETAS','GALL.BAGLEY OPERA AGRUP.4X55GR.',61.119),(325970,'MASIVO','ALMACEN DULCE','GALLETAS','OBLEAS TYM D/LECHE 50G',17.256),(325973,'MASIVO','ALMACEN DULCE','GALLETAS','PAMELA AVENAYCHIPS 180G',48.76),(326540,'FRESCOS','ELABORACION PROPIA','TORTAS','TORTA DE DURAZNOS EP X KG',446.281),(326555,'MASIVO','ALMACEN DULCE','GALLETAS','GALL.ARCOR MANA VAIN.X393C',110.619),(326560,'MASIVO','BEBIDAS NO ALCOHOL','AGUAS','AGUA S. ACUARIUS POM X 1.5L',79.678),(327217,'MASIVO','BEBIDAS ALCOHOL','VINOS','VINO CANCILLER BLEND TTOX750',95.859),(327938,'MASIVO','CUIDADO PERSONAL','BELLEZA','CR.CICATRICURE CARE REAF.50M',312.744),(331361,'MASIVO','ALMACEN DULCE','GALLETAS','PEPAS TIA MARUCA 250 GRS',54.546),(331379,'MASIVO','ALMACEN DULCE','GALLETAS','PAMELA AVENAYPASAS 180G',53.992),(331380,'MASIVO','BEBIDAS ALCOHOL','VINOS','VINO CAFAYATE MALBEC X750ML',145.446),(332798,'MASIVO','CUIDADO PERSONAL','BELLEZA','CR REVITALIFT LIGERA PNM 50ML',800.281),(333122,'TECNO','LIBRERIA','ESCRITURA','SACAPUNTAS CROC CROC SIGNAL',189.256),(333960,'MASIVO','ALMACEN DULCE','GALLETAS','OBLEA BAUDUCCO CHOCO X140GR20',52.884),(335140,'MASIVO','BEBIDAS ALCOHOL','VINOS','V NORTON COS TARDÍA TTO 750 CC',225.198),(335312,'TECNO','LIBRERIA','PAPELERIA','BK.MIGUEL ANGEL DIB.N°5 20H B',140.413),(337655,'TECNO','LIBRERIA','ADHESIVOS','ADHESIVO VINILICO X1 X30GRS',23.884),(337692,'ESTACIONAL','BAZAR DECO','BAÑO ORDEN','CANASTA  C/MADERA BLANCO',660.33),(337806,'MASIVO','ALMACEN DULCE','GALLETAS','BIZCOCHO 9 DE ORO AGRID. X200G',38.16),(337907,'MASIVO','CUIDADO PERSONAL','BELLEZA','LIM FAC AGUA MICELAR BIFAS 200',450.215),(338773,'ESTACIONAL','BAZAR DECO','BAÑO ORDEN','HERMETICO  2500ML',247.108),(338857,'MASIVO','ALMACEN DULCE','GALLETAS','GALL.DALE BLACK X115GR',38.834),(339240,'MASIVO','CUIDADO PERSONAL','BELLEZA','CR NIVEA ANTI-EDAD 35+X50M',552.471),(340367,'ESTACIONAL','BAZAR DECO','DECO COTILLON','PACK X 2 VELONCITOS GARDENIA',123.141),(340450,'MASIVO','ALMACEN DULCE','GALLETAS','OBLEA 9ORO CHOC RELL NAR 100G',31.322),(341348,'FRESCOS','ELABORACION PROPIA','SANDWICHS','SAND.PAN NGO.SEMILLAD J/Q2UN21',74.793),(342844,'TECNO','LIBRERIA','ESCRITURA','LAPICES MECANICOS 0,5 ECONOMI',321.488),(344434,'MASIVO','ALMACEN DULCE','GALLETAS','GALL.LIA VOCACION       X170GR',25.785),(344498,'MASIVO','ALMACEN DULCE','GALLETAS','GALL.MERENGADAS X93GR',41.207),(347504,'MASIVO','BEBIDAS ALCOHOL','VINOS','VINO TT0 TOCORNAL 1125 CC',171.479),(347505,'MASIVO','ALMACEN DULCE','GALLETAS','MANA CHO/VAI 36X152G',58.678),(349201,'MASIVO','BEBIDAS ALCOHOL','VINOS','VINO ALMA MORA MALBEC X750ML',218.173),(349226,'FRESCOS','ELABORACION PROPIA','TORTAS','TORTA RECTANGULAR EP X KG',446.281),(350057,'TECNO','LIBRERIA','ESCRITURA','GOMA ESSENTIALS SOFT BLISTER',37.934),(350957,'MASIVO','ALMACEN DULCE','GALLETAS','GALLET PEPITOS  QI X118G',53.107),(351278,'MASIVO','CUIDADO PERSONAL','BELLEZA','CR.NIVEA ATRIX MANOS X60ML',97.99),(351279,'MASIVO','ALMACEN DULCE','GALLETAS','GALLET BAGLEY CHOCOLINA X170GR',54.884),(351281,'MASIVO','ALMACEN DULCE','GALLETAS','OBLEA BAUDUCO VAINILLA 30GR',17.347),(351282,'MASIVO','BEBIDAS ALCOHOL','VINOS','VINO MOUTIER TTO X 1125 CC',114.454),(351288,'MASIVO','ALMACEN DULCE','GALLETAS','TRIANGU HOJALDRE BONAFIDE150GR',79.67),(351670,'MASIVO','ALMACEN DULCE','GALLETAS','GALLETA MILKA MOUSSE X116G',48.83),(351734,'FRESCOS','ELABORACION PROPIA','TORTAS','TORTA SELVA NEGRA EP X KG',446.28),(351736,'MASIVO','ALMACEN DULCE','GALLETAS','GALL CHOC RELL LIMON 120G',57.537),(351747,'MASIVO','ALMACEN DULCE','GALLETAS','GALLETAS ANILLO VAINILLA 120G',26.364),(353152,'MASIVO','BEBIDAS ALCOHOL','VINOS','V BIANCHI FAM MALBEC X750CC',477.265),(353437,'ESTACIONAL','MANTENIMIENTO','MAQUINAS ELECTRICAS','SIERRA ACERO C/CTRO DEPRIMIDO',304.959),(353455,'MASIVO','BEBIDAS ALCOHOL','VINOS','VINO MALBEC NAMPE X 1125 CC',211.562),(353459,'FRESCOS','ELABORACION PROPIA','TORTAS','TORTA BOMBON EP X KG',446.28),(353460,'MASIVO','BEBIDAS ALCOHOL','VINOS','VINO ELEMENTOS TTES DCE X750ML',237.182),(353461,'ESTACIONAL','BAZAR DECO','BAÑO ORDEN','CJA ORG SIMIL RATTAN 12,5L BL',577.686),(353734,'MASIVO','CUIDADO PERSONAL','BELLEZA','AGUA MICELAR NEUTROGENA 200ML',348.752),(353853,'TECNO','CULTURA','LIBROS','LI-MINI TRO-DINOSAURIOS',64.9),(353888,'MASIVO','BEBIDAS ALCOHOL','VINOS','VINO CANCILLE TP.MER.CAB 750CC',94.207),(353914,'FRESCOS','ELABORACION PROPIA','TORTAS','TORTA SELVA NEGRA EP X KG',446.268),(353974,'FRESCOS','ELABORACION PROPIA','TORTAS','BIZCH.RECT.VAIN20X30CM PANXUN',230.57),(353980,'TECNO','LIBRERIA','PAPELERIA','CAJA ARCH KRAFT N4 COLORES',326.364),(354193,'MASIVO','BEBIDAS NO ALCOHOL','AGUAS','AQUARIUS POMELO 2,25ML',88.52),(354977,'FRESCOS','ELABORACION PROPIA','TORTAS','TORTA DE FRUTILLAS EP X KG',446.281),(355716,'MASIVO','BEBIDAS ALCOHOL','VINOS','VINO DV. LACR ROBLE CABERNX750',139.67),(356467,'FRESCOS','ELABORACION PROPIA','TORTAS','TORTA SELVA NEGRA EP X KG',446.28),(357133,'MASIVO','ALMACEN DULCE','GALLETAS','GALL.ARCOR MANA VAIN.X393C',105.306),(357134,'MASIVO','ALMACEN DULCE','GALLETAS','GALLET PEPITOS  QI X118G',53.108),(357135,'TECNO','LIBRERIA','PAPELERIA','BLOCK FLUO N5',198.265),(357314,'MASIVO','BEBIDAS ALCOHOL','VINOS','VINO CANCILLER.BON,SYR, MB 750',88.8),(357495,'MASIVO','BEBIDAS NO ALCOHOL','AGUAS','SAB LIVRA CERO POM PINK X1.5L',44.265),(359704,'FRESCOS','ELABORACION PROPIA','TORTAS','BIZC.CUADR.CHOC.3 CAPASX400G',173.545),(359846,'MASIVO','BEBIDAS ALCOHOL','VINOS','VINO UXMAL MALBEC X750ML',287.595),(359878,'TECNO','LIBRERIA','ESCRITURA','BOLIG.ERASSER MATE AZUL X1UN',172.727),(359919,'MASIVO','CUIDADO PERSONAL','BELLEZA','CR NIVEA ANTI-EDAD 45+X50M',530.984),(361432,'MASIVO','BEBIDAS ALCOHOL','VINOS','VINO M. TORINO TRA VINO M. TORINO TRA BORG X1125M.',104.537),(361433,'TECNO','LIBRERIA','COMPLEMENTOS','20CM RULER - EN BOLSA INDIVID',32.975),(361434,'TECNO','LIBRERIA','ADHESIVOS','ADH VINILICO X60GRS X1UN',54.463),(361587,'TECNO','LIBRERIA','PAPELERIA','CUAD.CLASSIC 120H RAY 16X21 T/D',495.41),(361588,'MASIVO','BEBIDAS NO ALCOHOL','AGUAS','AGUA SAB LIVRA PERA S/G X1,5L',57.537),(361595,'MASIVO','BEBIDAS ALCOHOL','VINOS','VINO COLON DULCE FRESCO X750ML',135.942),(363677,'TECNO','LIBRERIA','PAPELERIA','CUAD.EXITO ARAÑA 48H RAY AMAR T/D',230.578),(364051,'MASIVO','ALMACEN DULCE','GALLETAS','MACUCAS 36X110G',42.975),(364698,'ESTACIONAL','BAZAR DECO','DECO COTILLON','DIFUSOR X 120 SANDIA PEPINO',379.339),(364887,'FRESCOS','ELABORACION PROPIA','TORTAS','DELICIOSO DULCE D/LECHE EP X KG',446.275),(364889,'TECNO','IMAGEN Y SONIDO','AUDIO','AURIC NOBLEX HP107BS NEGRO',1652.66),(364893,'MASIVO','ALMACEN DULCE','GALLETAS','OBLEAS TYM CHOCOLATE  50G',10.611),(364899,'MASIVO','ALMACEN DULCE','GALLETAS','GALLETAS MINIšOREO BTS 50G',40.677),(364900,'TECNO','LIBRERIA','COMPLEMENTOS','COMPÁS PLÁSTICO FIDDO PVC',75.95),(364905,'MASIVO','BEBIDAS NO ALCOHOL','AGUAS','AGUA SAB LEVITE MNA S/G X2,25LT',101.81),(364906,'ESTACIONAL','BAZAR DECO','DECO COTILLON','DIFUSOR X 120 VAINILLA',288.43),(364907,'ESTACIONAL','BAZAR DECO','BAÑO ORDEN','FRASCO CUAD.C/TAPA 950ML',412.397),(364914,'MASIVO','CUIDADO PERSONAL','BELLEZA','CREM TEATRICAL ANTIARRU.100ML',139.587),(365215,'FRESCOS','ELABORACION PROPIA','SANDWICHS','SAND.M.JAM.CR/QUESO X 6UN',258.67),(365275,'TECNO','LIBRERIA','ESCRITURA','BOLÍGRAFO 1 MM.SURTIDOS X4',81.735),(365286,'TECNO','LIBRERIA','PAPELERIA','CUAD.AVON 84H RAY ESP.22X29',156.198),(365605,'MASIVO','BEBIDAS ALCOHOL','VINOS','VINO SAN TELMO SELEC MALB X750ML',136.769),(366383,'MASIVO','CUIDADO PERSONAL','BELLEZA','CR ST IVES HUMECT INTE 532ML',321.892),(366402,'TECNO','LIBRERIA','COMPLEMENTOS','REGLA PLEGABLE COSMIC MINI MA',222.314),(366895,'FRESCOS','ELABORACION PROPIA','SANDWICHS','PEBETE BONDIOLA/QUESO X 2 UN',107.438),(368746,'TECNO','LIBRERIA','PAPELERIA','CUAD.GLORIA ARAÑA 42H RAY T/D AZL',96.942),(370102,'ESTACIONAL','BAZAR DECO','DECO COTILLON','ROSA 58CM PS016535PT.',123.14),(370104,'MASIVO','ALMACEN DULCE','GALLETAS','OBLEAS TYM LIMON 50 GR.',17.256),(370116,'MASIVO','BEBIDAS ALCOHOL','VINOS','V CHACABUCO MALBEC 1500 CC',308.67),(370140,'MASIVO','CUIDADO PERSONAL','BELLEZA','CR DOVE KARITE X400ML',277.678),(370174,'TECNO','LIBRERIA','ESCRITURA','LAPICES DE COL SYLVAPEN NEON',197.521),(372231,'MASIVO','BEBIDAS ALCOHOL','VINOS','VINO NORTON ELEGIDO CABER X750',156.686),(372232,'MASIVO','BEBIDAS ALCOHOL','VINOS','VINO BENJ TEMP X750ML',161.149),(373597,'MASIVO','BEBIDAS NO ALCOHOL','AGUAS','MAGNA POMELO X 2.250',61.975),(373598,'MASIVO','BEBIDAS NO ALCOHOL','AGUAS','VDS LEVITE LIMON CERO 1500CC',79.67),(373635,'ESTACIONAL','BAZAR DECO','DECO COTILLON','PACK X 2 VELONCITOS MARACUYA',164.463),(374890,'MASIVO','BEBIDAS ALCOHOL','VINOS','VINO DRALION MAL SYRAH 750 CC',333.49),(375114,'MASIVO','ALMACEN DULCE','GALLETAS','GALL.MANA LIV.COCO X145GR',16.521),(375119,'ESTACIONAL','BAZAR DECO','DECO COTILLON','ESENCIA 12 ML. AMAPOLA',189.256),(375121,'MASIVO','CUIDADO PERSONAL','BELLEZA','CR.NIVEA BODY P. EX.SECA X250ML',216.521),(376102,'MASIVO','ALMACEN DULCE','GALLETAS','VOCACION ACARAMELADA 10X435G',112.992),(377919,'TECNO','LIBRERIA','ADHESIVOS','ADHESIVO VIN.PEGALBA POMO X 5',329.752),(382059,'FRESCOS','ELABORACION PROPIA','TORTAS','TORTA LIBERTAD EP X KG',446.28),(382061,'TECNO','CULTURA','LIBROS','UNICORNIOS-MEGA COLOR',329.9),(382866,'TECNO','LIBRERIA','ESCRITURA','BOLIG. TRILUXX AZUL',180.992),(383342,'MASIVO','CUIDADO PERSONAL','BELLEZA','AGUA MICELAR LOREAL MIXTA 200',450.215),(383344,'MASIVO','ALMACEN DULCE','GALLETAS','GALLETAS SURTIDAS RECREO 350GR',88.52),(383506,'TECNO','LIBRERIA','ESCRITURA','RESALT LIGHTERFINEAMA/NAR X2',70.992),(383507,'MASIVO','BEBIDAS ALCOHOL','VINOS','VINO MOUTIER TTO X 1125 CC',101.644),(383509,'MASIVO','ALMACEN DULCE','GALLETAS','OBLEAS TYM FRUTILLA 50G',10.611),(383510,'MASIVO','BEBIDAS ALCOHOL','VINOS','VINO TRAPICHE MERLOT X750ML21',151.24),(385682,'MASIVO','BEBIDAS NO ALCOHOL','AGUAS','SAB LIVRA CERO POM PINK X1.5L',57.537),(386504,'MASIVO','CUIDADO PERSONAL','BELLEZA','TOALL.NIVEA VIS.DEMAQ.1121X25U',216.108),(387044,'ESTACIONAL','BAZAR DECO','DECO COTILLON','VELA NUMEROTE GIBRE 1',114.876),(387123,'MASIVO','ALMACEN DULCE','GALLETAS','GALL. MINI PAMELA COCO 180 GR',37.173),(387136,'ESTACIONAL','BAZAR DECO','BAÑO ORDEN','HERMETICO 240ML RECTANGULAR.',74.297),(387178,'MASIVO','ALMACEN DULCE','GALLETAS','GALL.BAGLEY OPERA AGRUP.4X55GR.',79.669),(387275,'MASIVO','BEBIDAS NO ALCOHOL','AGUAS','VDS LEVITE LIMON CERO 500CC',37.611),(387376,'MASIVO','BEBIDAS ALCOHOL','VINOS','VINO CHACABUCO CAB SAU 750 CC',171.892),(387380,'ESTACIONAL','MANTENIMIENTO','MAQUINAS ELECTRICAS','DISCO FLAP DE LIJAS MONTADAS',180.992),(387440,'MASIVO','BEBIDAS ALCOHOL','VINOS','V MOUTIER BCO 1125 CC',111.251),(387469,'MASIVO','BEBIDAS ALCOHOL','VINOS','VINO CAFAYATE MALBEC X750ML',157.16),(388465,'TECNO','CULTURA','LIBROS','BLANCANIEVES/HANSEL Y GRETEL-',399.1),(388468,'MASIVO','BEBIDAS ALCOHOL','VINOS','VINO COLON TEMPRANIL X750ML.',129.33),(388897,'TECNO','LIBRERIA','PAPELERIA','REP.RIVADAVIA 96H RAYADO EX.B',304.959),(388900,'ESTACIONAL','BAZAR DECO','DECO COTILLON','AROMATIZADOR AEROSOL VAINILLA',412.397),(388901,'MASIVO','CUIDADO PERSONAL','BELLEZA','CR.NIVEA BODY P. EX.SECA X400ML',276.25),(388903,'MASIVO','ALMACEN DULCE','GALLETAS','GALL.FORMIS CHOC DUL X108GR',40.413),(388907,'ESTACIONAL','BAZAR DECO','BAÑO ORDEN','TAPA DE INODORO BLANCO',2065.29),(388918,'ESTACIONAL','BAZAR DECO','DECO COTILLON','BENGALA GIBRE',123.141),(389184,'TECNO','LIBRERIA','ESCRITURA','SACAPUNTAS BOOGY 1 ORIFICIO X3.',56.942),(389935,'MASIVO','ALMACEN DULCE','GALLETAS','GALLETA MINI PAMELA CHOC 180GR',51.339),(390284,'MASIVO','BEBIDAS ALCOHOL','VINOS','VINO SAURUS PATAG P.NOIR X750ML',193.38),(390288,'TECNO','CULTURA','LIBROS','COL. A JUGAR CON-2 TITULOS',199.9),(390624,'MASIVO','ALMACEN DULCE','GALLETAS','GALLETITAS CHOCOPAMELA X 230',57.843),(390787,'FRESCOS','ELABORACION PROPIA','SANDWICHS','SAND.M.TRIPLE J.C/Q.NGO X3UN',146.273),(390864,'ESTACIONAL','BAZAR DECO','DECO COTILLON','PORTARRETRATO FINLANDEK 13X18.',247.108),(390965,'FRESCOS','ELABORACION PROPIA','TORTAS','BIZCOCHUELO DE FRUTAS EP X KG',446.281),(390966,'ESTACIONAL','BAZAR DECO','DECO COTILLON','DIFUSOR X 120 CITRUS',379.339),(390989,'MASIVO','ALMACEN DULCE','GALLETAS','GALL.BAGLEY RUMBA X112GR',39.256),(390992,'ESTACIONAL','BAZAR DECO','DECO COTILLON','MARCO P/ FOTOS 20X25',247.108),(390995,'MASIVO','BEBIDAS NO ALCOHOL','AGUAS','AQUARIUS ZERO C/G CITRUS 1,5LT',58.841),(390996,'MASIVO','CUIDADO PERSONAL','BELLEZA','CR.CICATRICURE CARE ACLAR.50M',312.967),(392772,'MASIVO','ALMACEN DULCE','GALLETAS','GALL.LIA POLVORITA VAIN. X80GR',16.881),(394704,'MASIVO','BEBIDAS ALCOHOL','VINOS','VINO EL BAUTISMO MALBEC 750 CC',159.504),(395512,'MASIVO','BEBIDAS NO ALCOHOL','AGUAS','AGUA SAB.V.D.S. LEVITE MANX1.5L',72.595),(395518,'MASIVO','ALMACEN DULCE','GALLETAS','SONRISAS FRAMBUESA 12X3X108G',139.669),(396038,'MASIVO','ALMACEN DULCE','GALLETAS','GALL.VARIEDAD.X600G',123.446),(396046,'MASIVO','BEBIDAS NO ALCOHOL','AGUAS','AWAFRUT POMELO 2,25',74.669),(400986,'MASIVO','CUIDADO PERSONAL','BELLEZA','CREMA HINDS INTRAHIDX350ML',256.19),(400987,'MASIVO','BEBIDAS ALCOHOL','VINOS','VINO DV. LACR ROBLE CABERNX750',143.38),(401119,'MASIVO','BEBIDAS ALCOHOL','VINOS','VINO CAFAY C-S X750',172.719),(404776,'MASIVO','ALMACEN DULCE','GALLETAS','BIZCOCHO 9 DE ORO AGRID. X200G',31.322),(408202,'ESTACIONAL','BAZAR DECO','BAÑO ORDEN','CAJA PLEGABLE 15X31 MARRON',495.41),(408606,'ESTACIONAL','BAZAR DECO','DECO COTILLON','AROM. TEXTIL 500 ML. COTTON',577.686),(409370,'TECNO','LIBRERIA','PAPELERIA','CUAD.EXITO ARAÑA 48H RAY NRJA',164.463),(410248,'MASIVO','ALMACEN DULCE','GALLETAS','GALL.PORTE ITAS X130GR',42.628),(410284,'TECNO','CULTURA','LIBROS','MINI LIBROS PARA COLOREAR',99.1),(410487,'MASIVO','ALMACEN DULCE','GALLETAS','BIZCOCHO 9 DE ORO AGRID. X200G',38.161),(410869,'TECNO','LIBRERIA','COMPLEMENTOS','CANOPLA COLLEGE TUBO 22X6X6CM',139.67),(411389,'MASIVO','ALMACEN DULCE','GALLETAS','GALL.MANA LIV.LIMON X145GR',39.661),(411390,'TECNO','CULTURA','LIBROS','MEGALIBRO PARA PINTAR 2',299.1),(411391,'MASIVO','ALMACEN DULCE','GALLETAS','PEPITOS REGULAR QI 60X119G',64.38),(411613,'TECNO','LIBRERIA','ESCRITURA','PLASTILINA X 250GR VERDE',153.636),(411614,'MASIVO','BEBIDAS NO ALCOHOL','AGUAS','AGUA SAB LIVRA CERO MZA X1.5L',57.537),(411615,'MASIVO','ALMACEN DULCE','GALLETAS','GALLETAS ANILLO COCO 120GR',25.62),(412466,'MASIVO','CUIDADO PERSONAL','BELLEZA','CR.LOREAL HT5 ANTIEDAD X50G',530.984),(412467,'TECNO','LIBRERIA','COMPLEMENTOS','TIJERAS ESSENTIAL SOFT 13CM',131.405),(412688,'MASIVO','BEBIDAS ALCOHOL','VINOS','VINO VINAS DE ALVEAR BCO.X700C',103.71),(412689,'FRESCOS','ELABORACION PROPIA','SANDWICHS','BAGUETTE JAM.CRUDO/QUESO X UN',123.967),(412762,'MASIVO','BEBIDAS ALCOHOL','VINOS','VINO LATITUD MERLOT X750ML',239.661),(412805,'FRESCOS','ELABORACION PROPIA','TORTAS','TORTA CUMPLEAÑOS EP X KG',446.28),(412830,'ESTACIONAL','BAZAR DECO','BAÑO ORDEN','HERMET.CUAD.BAJO CH.0,28L 7/57',304.959),(413007,'TECNO','LIBRERIA','PAPELERIA','CUAD.CLASSIC 84H 22X29 CUADRI',296.694),(413014,'ESTACIONAL','BAZAR DECO','BAÑO ORDEN','PERCHA DE ACERO',81.818),(413019,'MASIVO','BEBIDAS ALCOHOL','VINOS','VINO BENJ. CHARD. X750ML',161.149),(413032,'MASIVO','ALMACEN DULCE','GALLETAS','GALLETITAS CHOCOPAMELA X 230',51.297),(413035,'MASIVO','ALMACEN DULCE','GALLETAS','GALLET. OREO REGULAR QI X118GR',98.347),(413042,'MASIVO','ALMACEN DULCE','GALLETAS','GALLET CHIPS COLO TOSTEX X 300',90.83),(413043,'MASIVO','ALMACEN DULCE','GALLETAS','GALLETA OKEBON LECHE 273GR',69.41),(413045,'TECNO','DEPORTES','EQUIPAMIENTO','COLC. ALTA DENSIDAD X1UN',3078.51),(413046,'ESTACIONAL','BAZAR DECO','BAÑO ORDEN','HERMET.CUAD.ALTO.0,46 708/57',304.959),(413049,'ESTACIONAL','BAZAR DECO','DECO COTILLON','VELITA NOCHE VAINILLA',164.463),(413054,'MASIVO','BEBIDAS ALCOHOL','VINOS','FINCA NATALINA SWEET BLEND',269.413),(413057,'ESTACIONAL','BAZAR DECO','DECO COTILLON','PERCHERO DE PARED VS MODELOS',412.397),(413075,'MASIVO','ALMACEN DULCE','GALLETAS','OBLEAS TYM LIMON 100 GR.',33.19),(413787,'ESTACIONAL','BAZAR DECO','DECO COTILLON','VELA 6 X 10 AMAPOLA',247.108),(413788,'MASIVO','ALMACEN DULCE','GALLETAS','GALL.LIA POLVORITA FRUT. X80GR',17.487),(416124,'TECNO','LIBRERIA','PAPELERIA','CUAD.M. APUNTES 80HS P.PUNK RAY',147.934),(416128,'MASIVO','ALMACEN DULCE','GALLETAS','GALL DUQUESA TOONIX 115GR',46.694),(416133,'MASIVO','BEBIDAS NO ALCOHOL','AGUAS','AGUA AWAF POMELO X1,65ML',53.422),(416134,'MASIVO','BEBIDAS NO ALCOHOL','AGUAS','AGUA S. ACUARIUS PERAX 1.5L',75.24),(418168,'TECNO','LIBRERIA','COMPLEMENTOS','TIJERITA ESCOLAR X1UN',81.818),(418306,'MASIVO','ALMACEN DULCE','GALLETAS','POLVORON NJA TIA MARUCA 400GRS',73.471),(419684,'MASIVO','ALMACEN DULCE','GALLETAS','GALLETITAS CHOCOPAMELA X 230',48.76),(420009,'MASIVO','BEBIDAS NO ALCOHOL','AGUAS','SER CITRUS C/G X1500ML',79.678),(420608,'FRESCOS','ELABORACION PROPIA','SANDWICHS','SANDW. NGO.J.CRUDO/QUESO X 6 UN',288.43),(420727,'FRESCOS','ELABORACION PROPIA','SANDWICHS','SAND.M.TRIPLE J.C./Q.BCO X3UN',161.975),(420823,'MASIVO','ALMACEN DULCE','GALLETAS','GALL CACHAFAZ ORG CACMIEL 170G',78.206),(420825,'MASIVO','ALMACEN DULCE','GALLETAS','BIZCOCHO 9 DE ORO AGRID. X200G',31.322),(420826,'FRESCOS','ELABORACION PROPIA','TORTAS','BIZCH.RED.VAIN. 21CM PANADXUN',81.818),(420827,'MASIVO','ALMACEN DULCE','GALLETAS','GALLETA DE LIMÓN BAÑADAS CON AZUCAR',57.851),(421136,'MASIVO','CUIDADO PERSONAL','BELLEZA','CR.NIVEA BODY P. EX.SECA X400ML',287.182),(421190,'MASIVO','ALMACEN DULCE','GALLETAS','GALLETAS BAÑADAS CON AZUCAR',57.851),(421191,'MASIVO','BEBIDAS NO ALCOHOL','AGUAS','AGUA SABV.D.S. LEVITE PERAX1.5L',72.595),(421369,'TECNO','LIBRERIA','ESCRITURA','MARC PERM BLX 4SU',379.339),(421371,'MASIVO','BEBIDAS ALCOHOL','VINOS','VINO NAMPE MALBEC X750CC',162.389),(421470,'MASIVO','CUIDADO PERSONAL','BELLEZA','CR.CICATRICURE CARE ACLAR.50M',312.744),(421506,'MASIVO','ALMACEN DULCE','GALLETAS','GAONA MANTECADITA  250 GR',46.25),(421671,'MASIVO','ALMACEN DULCE','GALLETAS','BIZCOCHO 9 DE ORO AZUC. X210GR',35.702),(421687,'MASIVO','BEBIDAS NO ALCOHOL','AGUAS','AGUA VDS LEVITE CERO MNZA X1,5LT',79.678),(423413,'TECNO','LIBRERIA','PAPELERIA','REP.EXITO 48HJS RAYADO MG.REF',147.934),(423414,'MASIVO','BEBIDAS ALCOHOL','VINOS','VINO ALMA MORA MALBEC X750ML',184.703),(428430,'ESTACIONAL','BAZAR DECO','DECO COTILLON','VASO 300CC BCO',131.405),(428695,'MASIVO','ALMACEN DULCE','GALLETAS','GALLETA GIROTONDO CHOCO 254GR',59.305),(428756,'MASIVO','BEBIDAS ALCOHOL','VINOS','VINO LATITUD33 MALBEC   X750CC',239.661),(429632,'MASIVO','ALMACEN DULCE','GALLETAS','OBLEAS TYM VAINILLA 100 GRS',33.19),(429633,'MASIVO','BEBIDAS ALCOHOL','VINOS','VINO VIÑA DE BAL TTO X1125ML',127.677),(429634,'MASIVO','CUIDADO PERSONAL','BELLEZA','LOCION DEMAQ.NEUTROGENA 200ML',407.43),(429993,'MASIVO','BEBIDAS NO ALCOHOL','AGUAS','AWAFRUT NAR-DUR 2,25',74.67),(430002,'MASIVO','ALMACEN DULCE','GALLETAS','GALL.GRANOLA CACHAFAZX225G',119.413),(430020,'MASIVO','ALMACEN DULCE','GALLETAS','GALL.FORMIS VAIN/CHC X72GR',29.74),(430474,'MASIVO','BEBIDAS ALCOHOL','VINOS','VINO INTIMO MALBEC 750 CC',321.314),(430911,'FRESCOS','ELABORACION PROPIA','TORTAS','BIZCOCHUELO DE FRUTAS EP X KG',446.281),(430912,'MASIVO','BEBIDAS ALCOHOL','VINOS','VINO COLIMAN BCO X 750',83.49),(430913,'MASIVO','BEBIDAS ALCOHOL','VINOS','VINO VALMONT TTO.X 750CC',202.471),(431181,'ESTACIONAL','BAZAR DECO','DECO COTILLON','VELA GIBRE NRO 6 CELESTE',82.562),(431219,'MASIVO','BEBIDAS ALCOHOL','VINOS','VINO F NATALINA S/M X750ML',121.892),(431220,'MASIVO','ALMACEN DULCE','GALLETAS','GALL.FORMIS VAIN FRU X72GR',29.742),(431602,'MASIVO','BEBIDAS NO ALCOHOL','AGUAS','AQUARIUS LIMONADA X2.25',88.521),(431768,'FRESCOS','ELABORACION PROPIA','TORTAS','TORTA BOMBON EP X KG',446.281),(431783,'MASIVO','ALMACEN DULCE','GALLETAS','GALL.CHOCOLINAS X250GR',60.157),(432414,'FRESCOS','ELABORACION PROPIA','SANDWICHS','PEBETE BONDIOLA/QUESO X 2 UN',107.438),(432712,'MASIVO','ALMACEN DULCE','GALLETAS','GALL.LIA POLVORITA FRUT. X80GR',17.487),(432713,'MASIVO','ALMACEN DULCE','GALLETAS','GALL.ALGARROBA CACHAFAZX225G',128.959),(432718,'TECNO','LIBRERIA','ESCRITURA','GRAFITO - PACK X 12.',140.413),(432719,'MASIVO','BEBIDAS NO ALCOHOL','AGUAS','AQUARIUS MANZANA X2,25',88.521),(432768,'TECNO','CULTURA','LIBROS','BEBES LLORONES-VALIJA P/COLOR',249.9),(432818,'TECNO','LIBRERIA','ESCRITURA','BOL CRIST PRECI Y SU 0.7 BLX8',371.74),(434065,'TECNO','LIBRERIA','PAPELERIA','BLOCK EL NENE N6 BCO.X24H',453.719),(434070,'MASIVO','ALMACEN DULCE','GALLETAS','BIZCOCHO 9 DE ORO AGRID. X200G',36.308),(434071,'TECNO','CULTURA','LIBROS','COL. JUEGA Y COLOREA 6',199.9),(434170,'TECNO','CULTURA','LIBROS','DICCIONARIO BILINGUE GUADAL 2',349.1),(434225,'TECNO','LIBRERIA','ESCRITURA','MINAS GRAF.P.LEADFS 0.5 2B X2',66.859),(434226,'MASIVO','ALMACEN DULCE','GALLETAS','GALL.PORTE ITAS X130GR',41.389),(434962,'MASIVO','BEBIDAS ALCOHOL','VINOS','VINO TINTO',75.198),(435688,'ESTACIONAL','BAZAR DECO','DECO COTILLON','VELON CILIN SANDPEP 6X6 TURQ',164.463),(436475,'TECNO','LIBRERIA','ESCRITURA','CRAYONES ESCOLARES X 12 U',90.83),(436476,'MASIVO','CUIDADO PERSONAL','BELLEZA','CR.DOVE CORP. INTENSIVAX200ML',157.5),(436598,'ESTACIONAL','BAZAR DECO','DECO COTILLON','TENEDOR BCO',74.297),(437302,'TECNO','LIBRERIA','COMPLEMENTOS','30 CM REGLA OPEN UP 15 CM',173.471),(437682,'ESTACIONAL','BAZAR DECO','DECO COTILLON','SET X2 TIRADORES CERAM. AZUL/',205.785),(437685,'MASIVO','BEBIDAS NO ALCOHOL','AGUAS','AGUA SAB. H2O! LIMONETO X1,5LT',66.421),(437704,'MASIVO','ALMACEN DULCE','GALLETAS','OBLEAS TYM FRUTILLA 50G',22.661),(438022,'MASIVO','ALMACEN DULCE','GALLETAS','TRIANGU HOJALDRE BONAFIDE150GR',62.369),(438023,'MASIVO','BEBIDAS NO ALCOHOL','AGUAS','AGUA S. ACUARIUS PERA X 500ML',44.256),(438024,'TECNO','DEPORTES','MUSCULACION','SOGA DE SALTAR A-R X1UN',379.339),(438029,'MASIVO','ALMACEN DULCE','GALLETAS','GALLETAS POLVOLRITAS VAIN 150G',33.636),(438302,'MASIVO','BEBIDAS NO ALCOHOL','AGUAS','H2OH! NARANCH SBCG - PET 1,5',88.521),(438424,'MASIVO','BEBIDAS NO ALCOHOL','AGUAS','AGUA VDS LEVITE CERO POM X2,25LT',101.81),(438574,'TECNO','LIBRERIA','COMPLEMENTOS','TIJERAS ESSENTIAL GREEN 17CM',131.405),(438739,'TECNO','LIBRERIA','ESCRITURA','BOLIGRAFOS X_10 COLORES',198.265),(439344,'MASIVO','BEBIDAS NO ALCOHOL','AGUAS','AGUA SAB LIVRA MZA S/G X1,5L',57.537),(439492,'MASIVO','ALMACEN DULCE','GALLETAS','GALL.LIA POLVORITA VAIN. X80GR',16.25),(439603,'TECNO','LIBRERIA','COMPLEMENTOS','SET DE GEOMETRÍA - 3 PIEZAS',156.198),(439662,'ESTACIONAL','BAZAR DECO','BAÑO ORDEN','HERMETICO  1000ML',247.108),(439682,'MASIVO','CUIDADO PERSONAL','BELLEZA','CR.NIVEA BODY HIDR.EXPRESS X400ML',267.76),(440372,'MASIVO','BEBIDAS NO ALCOHOL','AGUAS','AGUA VDS LEVITE SG NAR X2.25ML',73.463),(440799,'MASIVO','BEBIDAS NO ALCOHOL','AGUAS','AQUARIUS PERA 2,25ML',88.521),(440860,'TECNO','LIBRERIA','ESCRITURA','MARCADORES ESC.FIESTA X10',388.347),(440952,'MASIVO','BEBIDAS ALCOHOL','VINOS','V CASTEL ROSADO 750 CC',152.58),(441027,'MASIVO','ALMACEN DULCE','GALLETAS','BIZCOCHO 9 DE ORO AGRID. X200G',38.166),(441281,'MASIVO','BEBIDAS NO ALCOHOL','AGUAS','LEVITE CERO MANZANA S/G X500ML',37.628),(441385,'TECNO','LIBRERIA','ESCRITURA','MARC PIZARRA FASHI BLX4',404.132),(441391,'MASIVO','BEBIDAS NO ALCOHOL','AGUAS','AGUA VDS LEVITE CERO NJA X2,25LT',110.661),(441816,'MASIVO','BEBIDAS ALCOHOL','VINOS','VINO CAFAYATE MALBEC 750ML',264.454),(441878,'MASIVO','BEBIDAS NO ALCOHOL','AGUAS','AGUA AWAF POMELO X1,65ML',51.306),(441886,'ESTACIONAL','BAZAR DECO','DECO COTILLON','VELA DE NOCHE BLISTER X 12U.',185.124),(441905,'MASIVO','ALMACEN DULCE','GALLETAS','BIZCOCHO 9 DE ORO AGRID. X200G',35.454),(442367,'TECNO','LIBRERIA','PAPELERIA','PAPEL CREP COLOR ROJO X2',82.562),(442709,'MASIVO','BEBIDAS ALCOHOL','VINOS','SAN TELMO TINTO 1125 CC',230.57),(442710,'ESTACIONAL','BAZAR DECO','DECO COTILLON','VELON CILIN VAINILLA 6X6 OCR',164.463),(442711,'MASIVO','BEBIDAS ALCOHOL','VINOS','VENTUS TINTO X750ML',185.529),(442712,'MASIVO','BEBIDAS ALCOHOL','VINOS','VINO MARCUS SAUV.BLANC  X750CC',177.686),(442988,'MASIVO','BEBIDAS ALCOHOL','VINOS','VINO ALMA MORA CABX750ML',188.422),(444162,'TECNO','CULTURA','LIBROS','COL. PAW PATROL-PF3',119.1),(444452,'ESTACIONAL','BAZAR DECO','DECO COTILLON','PORTASAHUMERIO VISON',313.223),(444654,'MASIVO','ALMACEN DULCE','GALLETAS','GALL.LIA POLVORITA VAIN. X80GR',15.62),(444655,'MASIVO','ALMACEN DULCE','GALLETAS','OBLEAS TYM D/LECHE 50G',10.611),(444764,'MASIVO','CUIDADO PERSONAL','BELLEZA','AGUA MICELAR NIVEA NORMAL 200M',369.827),(445363,'MASIVO','BEBIDAS ALCOHOL','VINOS','ELEMENTOS CABERNET X750ML',203.711),(445530,'MASIVO','ALMACEN DULCE','GALLETAS','GALL.FORMIS VAIN/CHC X72GR',29.743),(445536,'MASIVO','ALMACEN DULCE','GALLETAS','OBLEA 9 DE ORO VAINILLA 50GR',30.984),(445572,'ESTACIONAL','MANTENIMIENTO','MAQUINAS ELECTRICAS','CEPILLO COPA DE ACERO 0,50MM',304.959),(445577,'FRESCOS','ELABORACION PROPIA','TORTAS','TORTA SELVA NEGRA EP X KG',446.28),(445676,'MASIVO','CUIDADO PERSONAL','BELLEZA','TOA. DESM ASEPXIA X25UN',214.38),(445679,'FRESCOS','ELABORACION PROPIA','SANDWICHS','SAND TERNERA Y QUESO X 6 UN',288.43),(445680,'MASIVO','CUIDADO PERSONAL','BELLEZA','TOA.DESM.QSOFT EXFOLIA.X25U',158.297),(445682,'MASIVO','BEBIDAS ALCOHOL','VINOS','VINO SAINT FELICIEN MALB. X750',690.74),(446611,'TECNO','LIBRERIA','PAPELERIA','CARP 3 SOL OF COL C/ X1UN',150.33),(446614,'MASIVO','ALMACEN DULCE','GALLETAS','BIZCOCHO 9 DE ORO AGRID. X200G',36.308),(448142,'MASIVO','BEBIDAS NO ALCOHOL','AGUAS','AGUA S. ACUARIUS POM X 1.5L',75.239),(448744,'MASIVO','ALMACEN DULCE','GALLETAS','OBLEA 9ORO VAIN RELLNARAN 100G',32.744),(448772,'MASIVO','ALMACEN DULCE','GALLETAS','GALL OREO QI X351G',132.389),(450225,'MASIVO','BEBIDAS NO ALCOHOL','AGUAS','AGUA SAB. H2O! LIMONETO X1,5LT',66.422),(450227,'MASIVO','BEBIDAS ALCOHOL','VINOS','VINO COLON MALBEC X 750 CC',127.264),(450426,'TECNO','LIBRERIA','ESCRITURA','MARCADORES PINTO 2210 X6',93.306),(450794,'MASIVO','BEBIDAS NO ALCOHOL','AGUAS','AGUA H2OH! NARANCH 2,25 LT',119.528),(451248,'MASIVO','ALMACEN DULCE','GALLETAS','GALLETAS DALE MARÍA VAIN X435G',71.74),(451250,'MASIVO','ALMACEN DULCE','GALLETAS','GALLETA OKEBON AV CACAO 240GR',79.67),(451251,'MASIVO','ALMACEN DULCE','GALLETAS','GALL.BAGLEY RUMBA X112GR',39.256),(451306,'MASIVO','ALMACEN DULCE','GALLETAS','GALL.LIA POLVORITA FRUT. X80GR',17.487),(451456,'MASIVO','BEBIDAS ALCOHOL','VINOS','VINO BENJ.NS MALBEC X750ML',145.446),(451814,'MASIVO','ALMACEN DULCE','GALLETAS','GALLETITAS CHOCOPAMELA X 230',51.787),(451816,'FRESCOS','ELABORACION PROPIA','SANDWICHS','SAND.M.TRIPLE J/AC/HUE. BCO 3UN',164.454),(451893,'MASIVO','BEBIDAS ALCOHOL','VINOS','VINO F.NAT DCE TARDIO X750ML',104.124),(451894,'MASIVO','CUIDADO PERSONAL','BELLEZA','HINDS A-AGE PLUS A-OXID 125ML',124.372),(451895,'MASIVO','BEBIDAS ALCOHOL','VINOS','VINO VIÑA DE BAL TTO X1125ML',127.677),(452191,'ESTACIONAL','BAZAR DECO','BAÑO ORDEN','BOLSA ECO.MODELOS SURTIDOS',123.14),(452535,'MASIVO','ALMACEN DULCE','GALLETAS','OBLEA SINF NA/CH 100 G.',29.207),(452605,'MASIVO','ALMACEN DULCE','GALLETAS','COOKIES CHIPS CHOCOLATE X180GR.',59.306),(452617,'MASIVO','BEBIDAS ALCOHOL','VINOS','VINO F.NAT DCE TARDIO X750ML',161.149),(452694,'MASIVO','BEBIDAS NO ALCOHOL','AGUAS','AGUA VDS LEVITE NAR. S/GX1.5L',75.248),(452696,'ESTACIONAL','BAZAR DECO','DECO COTILLON','VELA VOTIVA VEREBNA   FRESIAS',164.463),(452701,'MASIVO','BEBIDAS NO ALCOHOL','AGUAS','AGUA SAB.H2OH! L.LIM.X1.5L',88.488),(452744,'FRESCOS','ELABORACION PROPIA','TORTAS','TORTA DE FRUTILLAS EP X KG',446.281),(452745,'MASIVO','BEBIDAS ALCOHOL','VINOS','VINO ESTATE MALBEC X 750 CC',216.934),(452748,'MASIVO','BEBIDAS ALCOHOL','VINOS','ELEMENTOS MALBEC X750ML',218.173),(452755,'ESTACIONAL','BAZAR DECO','DECO COTILLON','ROSA 30 CM EC38809',81.818),(453012,'MASIVO','BEBIDAS ALCOHOL','VINOS','V AGUMA CAB SAU 750 C.',132.636),(453043,'MASIVO','BEBIDAS ALCOHOL','VINOS','VINO AGUMA RES SYRAH 750 CC',269.413),(453064,'FRESCOS','ELABORACION PROPIA','TORTAS','BIZCH.RECT.VAIN20X30CM PANXUN',109.91),(453190,'MASIVO','BEBIDAS ALCOHOL','VINOS','VINO F L MORAS BONAR X750ML',151.24),(453191,'MASIVO','BEBIDAS ALCOHOL','VINOS','VINO VIÑAS DE BALBO CHA X 1125.',107.43),(453229,'MASIVO','BEBIDAS ALCOHOL','VINOS','VINO BLANCO SECO BOWEN X 700ML',92.141),(453230,'MASIVO','BEBIDAS ALCOHOL','VINOS','VINO ALMA MORA DCE VIOGN X750ML',258.256),(453232,'ESTACIONAL','BAZAR DECO','DECO COTILLON','RAMO ROCOCO ROSA 41CM',247.108),(453242,'FRESCOS','ELABORACION PROPIA','TORTAS','TORTA SELVA NEGRA EP X KG',446.281),(453243,'ESTACIONAL','BAZAR DECO','BAÑO ORDEN','PERCHA P/ROPA NINO PRACTI X4UN',329.752),(453323,'ESTACIONAL','BAZAR DECO','BAÑO ORDEN','HERM. NEWCLIPPER 2LT.',329.752),(453325,'MASIVO','CUIDADO PERSONAL','BELLEZA','JAB.ASEPXIA DETOX CARBON 100G',94.876),(453427,'MASIVO','CUIDADO PERSONAL','BELLEZA','CR.HINDS HIDRATA.ESENCIAL 250M',173.546),(453429,'ESTACIONAL','BAZAR DECO','BAÑO ORDEN','CAJA P/ALIM. LINEA 1  1450CC',123.14),(453433,'ESTACIONAL','BAZAR DECO','BAÑO ORDEN','VASO PARA BAÑO BLANCO',247.108),(453484,'MASIVO','ALMACEN DULCE','GALLETAS','BIZCOCHO 9 DE ORO AGRID. X200G',35.454),(453496,'MASIVO','BEBIDAS ALCOHOL','VINOS','VINO BENJ.NS CAB-SAU X750ML',191.314),(454021,'FRESCOS','ELABORACION PROPIA','TORTAS','BIZCH.RED.CHOC.21CM PANADXUN',148.752),(454025,'MASIVO','CUIDADO PERSONAL','BELLEZA','CREMA NIVEA SOFT X100ML.',180.157),(454053,'MASIVO','BEBIDAS ALCOHOL','VINOS','VINO MALBEC X750ML',173.546),(454380,'ESTACIONAL','BAZAR DECO','DECO COTILLON','DALIA 66CM NAE02006PT',164.463),(454382,'MASIVO','BEBIDAS ALCOHOL','VINOS','VINO AGUMA CAB FRANC 750 CC',133.876),(454405,'MASIVO','BEBIDAS ALCOHOL','VINOS','V ETCHART PRIV  TTES CT 750 CC',132.636),(454415,'MASIVO','BEBIDAS NO ALCOHOL','AGUAS','AQUARIUS POMELO 375 ML',21.479),(454508,'MASIVO','ALMACEN DULCE','GALLETAS','OBLEA BAUDUCO FRUTILLA 30GR',16.818),(454705,'FRESCOS','ELABORACION PROPIA','TORTAS','TORTA DE DURAZNOS EP X KG',446.281),(454715,'MASIVO','BEBIDAS NO ALCOHOL','AGUAS','AGUA VDS LEVITE SG NAR X2.25ML',97.776),(454728,'ESTACIONAL','BAZAR DECO','BAÑO ORDEN','VERTEDOR 1 KG     860611',288.43),(454731,'MASIVO','BEBIDAS ALCOHOL','VINOS','VINO CANCILLER CABERNET X750CC',107.16),(454732,'MASIVO','ALMACEN DULCE','GALLETAS','GALL.ARCOR MANA VAIN.X393C',104.413),(454734,'ESTACIONAL','BAZAR DECO','BAÑO ORDEN','PERCHA CURV MAD POLLERA',57.768),(455131,'MASIVO','ALMACEN DULCE','GALLETAS','GALL.CHOCOLINAS X250GR',69.933),(455509,'MASIVO','BEBIDAS ALCOHOL','VINOS','VINO VIÑA DE BAL TTO X1125ML',127.678),(455510,'MASIVO','ALMACEN DULCE','GALLETAS','BIZCOCHO 9 DE ORO AGRID. X200G',31.322),(455709,'MASIVO','CUIDADO PERSONAL','BELLEZA','JAB.ASEPXIA CARBON DETOX 90GR',152.141),(455956,'MASIVO','ALMACEN DULCE','GALLETAS','GALLETAS MINIšOREO BTS 50G',24.868),(455957,'MASIVO','ALMACEN DULCE','GALLETAS','BIZCOCHO 9 DE ORO AGRID. X200G',34.669),(456019,'ESTACIONAL','BAZAR DECO','DECO COTILLON','DECO PAJARO CERAMICA',288.43),(456215,'ESTACIONAL','BAZAR DECO','DECO COTILLON','VELAS C/PORTAVELAS ROSA',131.405),(456232,'MASIVO','CUIDADO PERSONAL','BELLEZA','CR.VERITAS CORP SECA 400ML',183.91),(456260,'MASIVO','CUIDADO PERSONAL','BELLEZA','TOALL.NIVEA VIS.DEMAQ.1121X25U',145.777),(456503,'MASIVO','ALMACEN DULCE','GALLETAS','BIZCOCHO 9 DE ORO AZUC. X210GR',38.16),(456513,'MASIVO','CUIDADO PERSONAL','BELLEZA','CR.CICATRICURE CARE ACLAR.50M',271.901),(456800,'MASIVO','CUIDADO PERSONAL','BELLEZA','LIMP.FAC.AGUA MICELA HT5 200ML',472.727),(456805,'ESTACIONAL','BAZAR DECO','BAÑO ORDEN','PERCHA P/ROPA ECON.PRACTI X4UN',164.463),(456816,'TECNO','LIBRERIA','PAPELERIA','CARPETA N3 PREMIUM - SPACE',329.752),(456826,'MASIVO','CUIDADO PERSONAL','BELLEZA','DESM LOREAL HT5 BIFASIS X125ML',421.653),(457027,'MASIVO','CUIDADO PERSONAL','BELLEZA','CR.NIVEA BODY HIDR.EXPRESS X400ML',283.463),(457192,'MASIVO','BEBIDAS ALCOHOL','VINOS','VINO NOVECENTO MALBEC X750ML',170.653),(457193,'FRESCOS','ELABORACION PROPIA','SANDWICHS','TORTUG.ARAB/JAM/QUES/LEC/TOMX2',122.314),(457195,'MASIVO','BEBIDAS ALCOHOL','VINOS','VINO ETCHART TORR.PRIV. X750CC',134.289),(457196,'ESTACIONAL','BAZAR DECO','BAÑO ORDEN','CANASTA MEDIANA C/ASAS',1569.42),(457197,'MASIVO','BEBIDAS ALCOHOL','VINOS','VINO DON DAVID CAB SAUV X750ML',367.76),(457198,'TECNO','CULTURA','LIBROS','COL. AVENTURAS PARA COLOREAR',99.1),(457199,'MASIVO','BEBIDAS NO ALCOHOL','AGUAS','AGUA SAB LIVRA CERO MZA X1.5L',44.265),(457207,'MASIVO','BEBIDAS ALCOHOL','VINOS','VINO NORTON COS TARD ROS 750 C',236.355),(457210,'TECNO','LIBRERIA','ESCRITURA','PLASTILINA X 250GR BLANCA',153.636),(457212,'MASIVO','BEBIDAS NO ALCOHOL','AGUAS','AGUA SAB.V.D.S. LEVITE MANX500ML',38.16),(457213,'ESTACIONAL','BAZAR DECO','DECO COTILLON','MARCO P/FOTO 10X15 SF61392',189.256),(457561,'MASIVO','CUIDADO PERSONAL','BELLEZA','MASC.GARNIER  OJOS COCONUT',124.223),(457563,'TECNO','LIBRERIA','ESCRITURA','LAPIZ CORRECTOR  QUOTCORRECT 012 QUOT',93.306),(457564,'MASIVO','CUIDADO PERSONAL','BELLEZA','JAB.ASEPXIA CARBON DETOX 90GR',192.876),(457619,'MASIVO','ALMACEN DULCE','GALLETAS','9 DE ORO AVENA Y MIEL X180.',53.951),(457630,'ESTACIONAL','BAZAR DECO','BAÑO ORDEN','CAJA PLEGABLE 15X31 AZUL',495.41),(457883,'MASIVO','ALMACEN DULCE','GALLETAS','GALLETAS PEPAS POZO 350 GR.',70.248),(457884,'MASIVO','BEBIDAS NO ALCOHOL','AGUAS','LEVITE POMELO S/G X300ML',22.132),(457889,'ESTACIONAL','BAZAR DECO','DECO COTILLON','PANTALLA DE PAPEL 35CM',288.43),(457890,'MASIVO','BEBIDAS ALCOHOL','VINOS','VINO VIÑA DE BAL TTO X1125ML',135.529),(457902,'MASIVO','CUIDADO PERSONAL','BELLEZA','JAB.ASEPXIA CARBON DETOX 90GR',131.405),(457915,'MASIVO','ALMACEN DULCE','GALLETAS','GALLETAS MINIšOREO BTS 50G',30.67),(457925,'MASIVO','ALMACEN DULCE','GALLETAS','GALLET. OREO REGULAR QI X118GR',98.347),(458094,'TECNO','P.E.D.','CUIDADO PERSONAL','SECADOR HP8230/00',4379.34),(458104,'ESTACIONAL','BAZAR DECO','DECO COTILLON','PORTAVELA FINLANDEK ROSA',412.397),(458113,'FRESCOS','ELABORACION PROPIA','TORTAS','BIZCH.RED.CHOC.21CM PANADXUN',70.248),(458117,'ESTACIONAL','BAZAR DECO','DECO COTILLON','FLORERO FINLANDEK 15CM',247.108),(458126,'TECNO','LIBRERIA','COMPLEMENTOS','REGLA MAPED CRISTAL 15CM',32.149),(458131,'TECNO','CULTURA','LIBROS','RAZON DE ESTAR CONTIGO 3. LA',849.1),(458440,'MASIVO','BEBIDAS ALCOHOL','VINOS','V ALMA MORA RES MALB 750 CC',269.421),(458477,'MASIVO','CUIDADO PERSONAL','BELLEZA','BARRA FAC.NEUTROGENA D.CLX80G',101.231),(458478,'MASIVO','BEBIDAS NO ALCOHOL','AGUAS','AQUARIUS ZERO C/G CITRUS 500ML',44.485),(458782,'MASIVO','CUIDADO PERSONAL','BELLEZA','CR.CICATRICURE CARE REAF.50M',312.967),(459189,'FRESCOS','ELABORACION PROPIA','SANDWICHS','SAND.M.JAM.CR/QUESO X 6UN',285.942),(459193,'MASIVO','ALMACEN DULCE','GALLETAS','BIZCOCHO 9 DE ORO AGRID. X200G',38.165),(459230,'MASIVO','ALMACEN DULCE','GALLETAS','GALL.LIA POLVORITA FRUT. X80GR',17.487),(459236,'MASIVO','ALMACEN DULCE','GALLETAS','GALLETA SAB VID AVENACHIP 186G',61.958),(459704,'MASIVO','BEBIDAS ALCOHOL','VINOS','LA QUEBRADA MOSCATO 750CC',117.347),(460002,'ESTACIONAL','BAZAR DECO','DECO COTILLON','PACK X 2 VELONCITOS GARDENIA',164.463),(460003,'MASIVO','ALMACEN DULCE','GALLETAS','GALL.LIA POLVORITA CHOC X80GR',17.488),(460378,'MASIVO','ALMACEN DULCE','GALLETAS','GALL.ARCOR MANA VAIN.X393C',105.305),(460393,'MASIVO','BEBIDAS NO ALCOHOL','AGUAS','LEVITE MANZANA S/G X 300ML',22.132),(460394,'MASIVO','BEBIDAS ALCOHOL','VINOS','VINO DON VALENT LACR. TTOX750ML',170.653),(460535,'ESTACIONAL','BAZAR DECO','DECO COTILLON','MARCO P/FOTO 15X21 SF5130',313.223),(461710,'MASIVO','BEBIDAS NO ALCOHOL','AGUAS','AGUA AWAF NAR-DUR 1,65 ML',53.422),(461711,'MASIVO','ALMACEN DULCE','GALLETAS','GALL.LIA VOCACION ACARAMX150GR',36.306),(461721,'TECNO','LIBRERIA','ESCRITURA','BOLI RET FILGO REAL GRIP 1,0MM NEGRO BPRG10RM01',54.463),(462011,'MASIVO','ALMACEN DULCE','GALLETAS','GALLETAS ANILLO VAINILLA 120G',25.619),(462243,'FRESCOS','ELABORACION PROPIA','TORTAS','TORTA SELVA NEGRA EP X KG',446.281),(462303,'MASIVO','BEBIDAS NO ALCOHOL','AGUAS','AGUA VDS LEVITE SG NAR X2.25ML',47.215),(462649,'TECNO','LIBRERIA','ADHESIVOS','ADHESIVO VINILICO X1 X30GRS',23.884),(462652,'TECNO','LIBRERIA','COMPLEMENTOS','REGLA X 20 CM - ACRÍLICO',39.587),(462751,'MASIVO','BEBIDAS ALCOHOL','VINOS','VINO BIANCHI MARLO BCO D 750ML',155.777),(462753,'TECNO','LIBRERIA','COMPLEMENTOS','SET GEOMETRICO MAPED 4P 30CM..',197.521),(462754,'FRESCOS','ELABORACION PROPIA','TORTAS','TORTA SELVA NEGRA EP X KG',446.28),(463169,'MASIVO','ALMACEN DULCE','GALLETAS','GALLETA PEPA TRIO GLASEA 300GR',61.958),(463395,'MASIVO','ALMACEN DULCE','GALLETAS','OBLEA 9ORO VAIN RELLNARAN 100G',31.322),(463397,'MASIVO','BEBIDAS ALCOHOL','VINOS','VINO ALMA MORA CABX750ML',202.884),(463573,'MASIVO','CUIDADO PERSONAL','BELLEZA','SERUM REVITALIFT HIALURO 30ML',1056.29),(463577,'MASIVO','BEBIDAS ALCOHOL','VINOS','VINO L. BOSCA MAL RE X750ML',867.347),(463578,'MASIVO','BEBIDAS ALCOHOL','VINOS','VINO LA CELIA RES MBEC 750 CC',317.347),(463581,'TECNO','CULTURA','LIBROS','JUEGA CON LYNA',649.1),(463584,'MASIVO','ALMACEN DULCE','GALLETAS','BIZCOCHO 9 DE ORO AGRID. X200G',32.699),(463587,'MASIVO','ALMACEN DULCE','GALLETAS','GALL.FORMIS VAIN/CHC X72GR',30.49),(463589,'FRESCOS','ELABORACION PROPIA','TORTAS','TORTA SELVA NEGRA EP X KG',446.274),(463590,'MASIVO','ALMACEN DULCE','GALLETAS','GALLETA TRIO VAIN CHIPS 350GR',32.347),(463591,'MASIVO','BEBIDAS NO ALCOHOL','AGUAS','AGUA VDS LEVITE SG NAR X2.25ML',97.777),(463593,'FRESCOS','ELABORACION PROPIA','TORTAS','TORTA SELVA NEGRA EP X KG',446.281),(463606,'MASIVO','ALMACEN DULCE','GALLETAS','PEPAS TIA MARUCA 250 GRS',55.33),(463629,'MASIVO','CUIDADO PERSONAL','BELLEZA','CREMA NIVEA SOFT X100ML.',185.942),(463753,'TECNO','CULTURA','LIBROS','COL. SUPER COLOREA 7',399.9),(463760,'ESTACIONAL','BAZAR DECO','DECO COTILLON','PAJARO DECORATIVO',288.43),(463781,'MASIVO','BEBIDAS NO ALCOHOL','AGUAS','AGUA SAB.H2OH! CITRUSX1.5L',75.281),(463783,'MASIVO','BEBIDAS NO ALCOHOL','AGUAS','AGUA VDS LEVITE SG POM X2.25L',73.462),(463786,'MASIVO','BEBIDAS ALCOHOL','VINOS','VINO F NATALINA SY X750ML',104.124),(463789,'MASIVO','CUIDADO PERSONAL','BELLEZA','CR. CORP.HINDS DOB.VIT.A 250ML',164.41),(463794,'MASIVO','ALMACEN DULCE','GALLETAS','GALLETITAS CHOCOPAMELA X 230',53.301),(463801,'ESTACIONAL','BAZAR DECO','BAÑO ORDEN','HERMETICO 1.0L. ALTO X3',164.463),(463802,'FRESCOS','ELABORACION PROPIA','TORTAS','TORTA SELVA NEGRA EP X KG',446.28),(463803,'FRESCOS','ELABORACION PROPIA','TORTAS','TORTA BOMBON EP X KG',446.28),(463804,'MASIVO','BEBIDAS ALCOHOL','VINOS','VINO CAFAYATE MALBEC X750ML',190.488),(463808,'MASIVO','CUIDADO PERSONAL','BELLEZA','CR NIVEA ANTI-EDAD 45+X50M',574.785),(463810,'MASIVO','CUIDADO PERSONAL','BELLEZA','CR.CICATRICURE CARE REAF.50M',395.446),(463811,'MASIVO','CUIDADO PERSONAL','BELLEZA','CR.HINDS AVENA X250ML',175.611),(463817,'MASIVO','BEBIDAS ALCOHOL','VINOS','VINO BENJ TEMP X750ML',181.397),(463818,'MASIVO','BEBIDAS NO ALCOHOL','AGUAS','AGUA SAB CELLIER FAV N/D X1.5',34.14),(463820,'MASIVO','CUIDADO PERSONAL','BELLEZA','CR.LOREAL HT5 WRINKLE +55 50M',626.95),(463827,'ESTACIONAL','BAZAR DECO','DECO COTILLON','PORTAVELA DE VIDRIO 7CM',123.14),(463828,'MASIVO','ALMACEN DULCE','GALLETAS','GAONA SINFOONIA DUO 2 CHOC 50G',15.41),(463833,'ESTACIONAL','BAZAR DECO','DECO COTILLON','PORTAVELA DE VIDRIO 12CM',495.41),(463858,'MASIVO','ALMACEN DULCE','GALLETAS','BIZCOCHOS DON SATUR AGRI 200G',25.62),(463866,'MASIVO','ALMACEN DULCE','GALLETAS','GALL.VARIEDAD.X600G',123.446),(463867,'MASIVO','ALMACEN DULCE','GALLETAS','GALLETAS BAÑADAS CON AZUCAR',115.703),(463875,'MASIVO','ALMACEN DULCE','GALLETAS','OBLEA 9ORO CHOC RELL NAR 100G',31.322),(464122,'MASIVO','ALMACEN DULCE','GALLETAS','OBLEA SINF FRU/CRE 100 G.',29.173),(464127,'MASIVO','BEBIDAS ALCOHOL','VINOS','VINO ARGENTO MALBECX750',235.883),(464364,'TECNO','LIBRERIA','ESCRITURA','MARCADORES OCEAN X10',205.785),(464433,'MASIVO','ALMACEN DULCE','GALLETAS','GALLET LINCOLN CLAS ANGRYX153G',47.933),(464725,'TECNO','LIBRERIA','PAPELERIA','SEPARADOR 6 POSICIONES SKATE',20.578),(464726,'ESTACIONAL','BAZAR DECO','DECO COTILLON','CUADRO FINLANDEK 20X30',577.686),(464732,'MASIVO','ALMACEN DULCE','GALLETAS','GALLETAS GAONA CRUNCHIPS DARK172GR',66.389),(464769,'TECNO','LIBRERIA','COMPLEMENTOS','CAJA FIBRA NEGRALOMO N8',404.132),(464810,'MASIVO','ALMACEN DULCE','GALLETAS','GALL.TERR.ANILLOS X160GR',35.364),(464811,'TECNO','LIBRERIA','ESCRITURA','SACAPUNTAS PLASTICOS X3UN',30.496),(464812,'MASIVO','BEBIDAS ALCOHOL','VINOS','VINO SAN TELMO SELEC CAB X750ML',166.521),(464820,'MASIVO','ALMACEN DULCE','GALLETAS','GALL PAMELA CHOC RELL 97GR',29.207),(464821,'TECNO','LIBRERIA','PAPELERIA','OJALILLOS AVERY BLANCOS X5',82.562),(464822,'FRESCOS','ELABORACION PROPIA','TORTAS','TORTA SELVA NEGRA EP X KG',446.281),(464825,'MASIVO','ALMACEN DULCE','GALLETAS','GALLETITAS CHOCOPAMELA X 230',48.76),(464914,'MASIVO','ALMACEN DULCE','GALLETAS','OBLEAS TYM VAINILLA 50G',17.256),(464944,'MASIVO','ALMACEN DULCE','GALLETAS','GALL.ALGARROBA CACHAFAZX225G',111.554),(464945,'MASIVO','ALMACEN DULCE','GALLETAS','GALL.FORMIS VAIN/CHC X108GR',39.785),(464969,'FRESCOS','ELABORACION PROPIA','TORTAS','BIZCOCHUELO CHOC-VAINILLA 3 CAPAS X 500 G',244.62),(464970,'MASIVO','ALMACEN DULCE','GALLETAS','GALL.LIA POLVORITA CHOC X80GR',17.487),(464974,'MASIVO','BEBIDAS NO ALCOHOL','AGUAS','H2OH! NARANCH SBCG - PET 1,5',75.264),(465167,'MASIVO','ALMACEN DULCE','GALLETAS','GALL TRIO MASITAS BAÑ CHO350GR',83.413),(465645,'ESTACIONAL','BAZAR DECO','DECO COTILLON','GERBERA 45 CM EC38810',65.289),(465749,'MASIVO','CUIDADO PERSONAL','BELLEZA','CREMA DERMAGLOS FACIAL X70GR.',954.124),(465766,'MASIVO','CUIDADO PERSONAL','BELLEZA','MASC. TELA GARNI MANZANIL 32G',259.967),(465803,'MASIVO','ALMACEN DULCE','GALLETAS','BIZCOCHO 9 DE ORO AGRID. X200G',36.479),(465814,'TECNO','LIBRERIA','ESCRITURA','BOLIG OPACO DURA +1MM SURT 6X5',205.785),(466035,'MASIVO','ALMACEN DULCE','GALLETAS','BIZCOCHO 9 DE ORO AZUC. X210GR',38.165),(466370,'FRESCOS','ELABORACION PROPIA','TORTAS','BIZC.CUADR.CHOC.3 CAPASX400G',173.546),(466371,'TECNO','LIBRERIA','ESCRITURA','CRAYONES COLORSOL X12UN',98.347),(466382,'MASIVO','ALMACEN DULCE','GALLETAS','GALL.LIA POLVORITA FRUT. X80GR',17.487),(466383,'MASIVO','CUIDADO PERSONAL','BELLEZA','TOALL.DESM.NIVEA MICELAR X25',145.777),(466384,'MASIVO','CUIDADO PERSONAL','BELLEZA','HINDS A-AGE PLUS A-OXID 125ML',118.173),(466598,'ESTACIONAL','BAZAR DECO','BAÑO ORDEN','PORTARROLO P/BA O X1UN',230.578),(466599,'MASIVO','BEBIDAS ALCOHOL','VINOS','LA CELIA PIONEER CAB. FR 750CC',439.248),(466739,'MASIVO','CUIDADO PERSONAL','BELLEZA','CR.NIVEA BODY P. EX.SECA X250ML',235.116),(467417,'MASIVO','BEBIDAS ALCOHOL','VINOS','VINO EST MZA CHA-CHE X750ML',133.49),(467418,'TECNO','CULTURA','LIBROS','BELGRANO, EL GRAN PATRIOTA AR',1349.1),(467427,'TECNO','LIBRERIA','ESCRITURA','ROL. GELOCITY ILLUS BLX1 AZ',238.843),(467854,'MASIVO','ALMACEN DULCE','GALLETAS','GALLET. OREO REGULAR QI X118GR',98.347),(467856,'MASIVO','ALMACEN DULCE','GALLETAS','GALL OREO CHOCO QI X117G',48.124),(467894,'MASIVO','CUIDADO PERSONAL','BELLEZA','CR ST IVES HUMEC DIARIA 532ML',307.16),(467913,'TECNO','LIBRERIA','ESCRITURA','BOL. CRISTAL FASHION X10',263.636),(467914,'TECNO','LIBRERIA','ADHESIVOS','BLISTER BARRA ADHESIVA X9G.',49.504),(467919,'TECNO','DEPORTES','DEPORTES DE EQUIPO','PEL BASKET DRB X2000 N5',1238.84),(467920,'MASIVO','BEBIDAS ALCOHOL','VINOS','VINO COLON MERLOT X 750 CC',129.33),(467921,'ESTACIONAL','BAZAR DECO','DECO COTILLON','VELA SOJA VASO CHICO SAND PEP',288.43),(467922,'MASIVO','BEBIDAS ALCOHOL','VINOS','VINO AMPAKAMA MALBEC X750ML',199.992),(467971,'ESTACIONAL','BAZAR DECO','DECO COTILLON','DIFUSOR DE AMBIENTE PP 120 ML',379.339),(468187,'TECNO','CULTURA','LIBROS','FROZEN 2-SUPER COLOR',169.9),(468188,'FRESCOS','ELABORACION PROPIA','TORTAS','TORTA BOMBON EP X KG',446.28),(468202,'MASIVO','BEBIDAS ALCOHOL','VINOS','VINO NORTON COS TARDÍA 750 CC',236.355),(468372,'MASIVO','BEBIDAS ALCOHOL','VINOS','VINO EST MZA MAL-MER X750ML',116.108),(468384,'MASIVO','CUIDADO PERSONAL','BELLEZA','CREMA NIVEA SOFT X100ML.',173.132),(468385,'MASIVO','BEBIDAS NO ALCOHOL','AGUAS','AGUA SAB CELLIER FAV N/D X1.5',34.899),(468392,'ESTACIONAL','BAZAR DECO','BAÑO ORDEN','KIT VERTEDORES MULTIUSO',453.719),(468394,'MASIVO','BEBIDAS NO ALCOHOL','AGUAS','AGUA VDS LEVITE SG POM X2.25L',98.711),(468395,'MASIVO','ALMACEN DULCE','GALLETAS','OBLEA BAUDUCO VAINILLA 30GR',17.347),(468398,'MASIVO','CUIDADO PERSONAL','BELLEZA','CREMA TEATRICAL ANTIARR 200ML',221.735),(468404,'MASIVO','BEBIDAS ALCOHOL','VINOS','VINO BIANCHI MARLO BCO D 750ML',145.446),(468408,'ESTACIONAL','BAZAR DECO','DECO COTILLON','REPUESTO X 500 VAINILLA',817.355),(468409,'ESTACIONAL','BAZAR DECO','DECO COTILLON','SAHUMERIOS VERBENA   FRESIAS',123.141),(468410,'MASIVO','ALMACEN DULCE','GALLETAS','BIZCOCHO 9 DE ORO AZUC. X210GR',35.147),(468482,'ESTACIONAL','BAZAR DECO','DECO COTILLON','VELA SOJA VASO CHICO MARACUYA',288.43),(468484,'MASIVO','CUIDADO PERSONAL','BELLEZA','CR DOVE COCO Y ALMENDR X200ML',154.537),(468486,'MASIVO','BEBIDAS ALCOHOL','VINOS','VINO AGUMA RES SYRAH 750 CC',269.413),(468487,'ESTACIONAL','BAZAR DECO','BAÑO ORDEN','RECIP. HERM. RECT. 5000 CC HL',437.19),(468490,'MASIVO','ALMACEN DULCE','GALLETAS','BIZCOCHO 9 DE ORO AGRID. X200G',35.272),(468492,'MASIVO','CUIDADO PERSONAL','BELLEZA','CR DOVE MATCHA X200ML',160.959),(468494,'TECNO','CULTURA','LIBROS','LI-MINI TRO-I LOVE YOU',64.9),(468501,'MASIVO','BEBIDAS ALCOHOL','VINOS','VINO HAROL RES MALB X750ML',264.868),(468893,'TECNO','LIBRERIA','COMPLEMENTOS','ESCUAD.GRAPHIC 21 CM 45º',90.83),(469049,'MASIVO','BEBIDAS ALCOHOL','VINOS','VINO F NATALINA MERL X750ML',104.124),(469118,'MASIVO','BEBIDAS ALCOHOL','VINOS','VINO VALMONT TTO.X 750CC',185.942),(469127,'FRESCOS','ELABORACION PROPIA','TORTAS','TORTA BOMBON EP X KG',446.28),(469160,'MASIVO','ALMACEN DULCE','GALLETAS','GAONA SINFONIA FRUTILLA 50G',15.413),(469187,'FRESCOS','ELABORACION PROPIA','TORTAS','TORTA SELVA NEGRA EP X KG',446.28),(469188,'ESTACIONAL','BAZAR DECO','DECO COTILLON','RAMO ROCOCO ROSA 41CM',247.108),(469192,'ESTACIONAL','BAZAR DECO','BAÑO ORDEN','CANASTO GRANDE 8-312301',164.463),(469196,'MASIVO','ALMACEN DULCE','GALLETAS','GALLET AVENA ARÀN TOSTEX X 300',97.521),(469199,'ESTACIONAL','BAZAR DECO','BAÑO ORDEN','PERCHAS DE MADERA X4UN',205.785),(469206,'ESTACIONAL','BAZAR DECO','DECO COTILLON','VELA NUMEROTE GIBRE 3',114.876),(469221,'MASIVO','ALMACEN DULCE','GALLETAS','PEPITOS TRIPACK QI 20X3X119G',239.67),(469230,'MASIVO','ALMACEN DULCE','GALLETAS','BIZCOCHO 9 DE ORO AZUC. X210GR',31.322),(469280,'MASIVO','BEBIDAS ALCOHOL','VINOS','VINO BENJ TEMP X750ML',191.314),(469384,'FRESCOS','ELABORACION PROPIA','TORTAS','TORTA CUMPLEAÑOS EP X KG',446.281),(469385,'ESTACIONAL','BAZAR DECO','BAÑO ORDEN','PERCHA  COLOR AZUL ARECIFE X4',453.719),(469387,'MASIVO','ALMACEN DULCE','GALLETAS','PEPITOS TRIPACK QI 20X3X119G',239.669),(469388,'ESTACIONAL','BAZAR DECO','DECO COTILLON','CANDELABRO FINLANDEK 15CM ROS',329.752),(469389,'TECNO','LIBRERIA','ESCRITURA','LAPIZ CORRECTOR',144.546),(470050,'MASIVO','ALMACEN DULCE','GALLETAS','GALL CACHAFAZ ORG CACMIEL 170G',75.198),(470051,'MASIVO','ALMACEN DULCE','GALLETAS','SONRISAS FRAMBUESA 12X3X108G',139.67),(470052,'MASIVO','ALMACEN DULCE','GALLETAS','GALL.TERR.ANILLOS X160GR',35.405),(470054,'MASIVO','BEBIDAS ALCOHOL','VINOS','VINO CHACABUCO MALBEC 750 CC',171.892),(470056,'MASIVO','ALMACEN DULCE','GALLETAS','OBLEA BAUDUCO CHOCOLATE 30GR',16.818),(470057,'MASIVO','ALMACEN DULCE','GALLETAS','PEPAS TIA MARUCA 250 GRS',55.33),(470058,'MASIVO','BEBIDAS ALCOHOL','VINOS','VINO DV. LACRADO ROBLE MALX750',147.99),(470061,'ESTACIONAL','BAZAR DECO','DECO COTILLON','VELA SOJA VASO CHICO VAINILLA',288.43),(470559,'MASIVO','ALMACEN DULCE','GALLETAS','OREO QI 12X354G',239.67),(470561,'MASIVO','ALMACEN DULCE','GALLETAS','OBLEA BAUDUCCO VAINI.X140GR',52.884),(470562,'MASIVO','ALMACEN DULCE','GALLETAS','GALLET PEPITOS  QI X354G',144.347),(470565,'MASIVO','ALMACEN DULCE','GALLETAS','GALL CACHAFAZ ORG AV/MIEL 170G',81.215);
/*!40000 ALTER TABLE `articulos` ENABLE KEYS */;
UNLOCK TABLES;

--
-- Dumping data for table `articulos_en_promocion`
--

LOCK TABLES `articulos_en_promocion` WRITE;
/*!40000 ALTER TABLE `articulos_en_promocion` DISABLE KEYS */;
INSERT INTO `articulos_en_promocion` VALUES (1,262304,'SAND M. NGO. BONDIOLA Y QUESO AZUL  X 6UN',0.25,500),(2,440948,'V EL ENEMIGO MALB 750 CC',0.25,500),(3,468183,'GALLET CHIPS MANI TOSTEX X 300',0.25,500),(4,355699,'VINO CANCILLER BLEND TTOX750',0.25,500),(5,351288,'SER CITRUS PET C/G X2250CC.',0.2,500),(6,451895,'CR.CICATRICURE CARE REAF.50M',0.15,1000),(7,386502,'VINO BOD. PRI. SYRAH 750 CC',0.25,500),(8,285347,'TALADRO 10MM 500W PERC.TM500-AR',0.2,1500),(9,146363,'VINO TRAPICHE SYRAH X750ML',0.25,500),(10,413109,'TENDER DE PIE CON ALAS ACERO',0.25,1000),(11,445363,'AROM.TEXTIL 500 ML. BABY',0.25,1000),(12,420783,'CR NIVEA ANT-IEDAD 55+X50M',0.15,1000),(13,421132,'LA CELIA PIONEER CAB. FR 750CC',0.25,500),(14,469279,'FROZEN 2-SUPER COLOR',0.15,1500),(15,331380,'AGUA VDS LEVITE CERO MZA X2,25LT',0.2,500),(16,120861,'VELA NUMEROTE GIBRE 9',0.25,1000),(17,432414,'SUJETA PUERTA EVA 4ASS',0.25,1000),(18,99266,'CUAD.AVON 84H RAY ESP.22X29',0.15,1000),(19,239138,'CART COL MURESCO X2H X1UN',0.15,1000),(20,265209,'CINTA CRISTAL CLEAR  X12MM',0.1,1500),(21,468483,'REGLA TWIST   PULSE 30CM',0.15,1000),(22,331363,'AGUA VDS LEVITE CERO NJA X2,25LT',0.2,500),(23,463606,'LATA C/ASA 18 CM BLANCO',0.25,1000),(24,104104,'REPUESTO DIBÙJO BLANCO  Nº 5',0.15,1000),(25,387373,'PERFORADORA 6/8 HOJAS 2 AGUJE',0.15,1000),(26,13628,'FUNDA METALIZ.P/TABLA D/PLANCH',0.25,1000),(27,387222,'FSC MIX RP.RIVADAVIA N°3 288H',0.15,1000),(28,454015,'COL. COLOREAR PARA RELAJAR',0.15,1500),(29,465749,'CUATRO CUENTOS FABULOSOS',0.15,1500),(30,448748,'DISCO LIJAS GRANO  MEDIANO C/S',0.2,1500),(31,337714,'PLASTILINA X 250GR BLANCA',0.15,1000),(32,457189,'CUADRO FINLANDEK  40X50',0.25,1000),(33,365303,'CR MANOS HINDS INTRA X90G',0.15,1000),(34,452696,'VELA VOTIVA VEREBNA   FRESIAS',0.25,1000),(35,407316,'GALLETITAS CHOCOPAMELA X 230',0.25,500),(36,463821,'VASO PARA BAÑO AZUL',0.25,1000),(37,377919,'PELOTA FUTBOL N° 5 BARCELONA',0.15,1500),(38,176936,'VINO F BCO FINCA NAT X750ML',0.25,500),(39,171307,'LIBROS INFANTILES',0.15,1500),(40,412790,'SEPARADOR N°3 CAMISETA FUTBOL',0.15,1000),(41,337715,'PLASTILINA X 250GR AZUL',0.15,1000),(42,24553,'VELON CILIN CITRUS 6X10 VDE',0.25,1000),(43,445679,'CR REVITALIFT HYALURO DIA 50M',0.15,1000),(44,411613,'VINO EL BAUTISMO MALBEC 750 CC',0.25,500),(45,133309,'VINO F.LAS MORAS C.SAUV. X750',0.25,500),(46,170237,'VINO F NATALINA S/M X750ML',0.25,500),(47,462754,'VINO CABERNET BOWEN X750ML',0.25,500),(48,387881,'VINO LA CELIA RES MBEC 750 CC',0.25,500),(49,339240,'AGUA VDS LEVITE ANANA X2250L',0.2,500),(50,432725,'PORTARETRATO MULT. X8 SF61205',0.25,1000),(51,421191,'GALLETITAS AVENA Y MIEL COOKI',0.25,500),(52,305613,'CR.DOVE CORP. INTENSIVAX200ML',0.15,1000),(53,438576,'ESP.FAC.DOVE PURIF PROF100GR',0.15,1000),(54,452617,'V DILEMA PINK BCO/DULCE X269ML',0.25,500),(55,315253,'LAPICES DE COL SYLVAPEN NEON',0.15,1000),(56,154116,'GALL.ARCOR MANA VAIN.X393C',0.25,500),(57,295276,'CARPETA FIBRA NEGRA ESCOLAR  3X40',0.15,1000),(58,444740,'AQUARIUS PERA 375 ML',0.2,500),(59,281745,'VINO CALLIA MAGNA MB X750ML',0.25,500),(60,276915,'CUAD.EXITO ARAÑA 48H RAY AMAR T/D',0.15,1000),(61,387123,'CARTUCHERA 1 PISO SOY LUNA.',0.15,1000),(62,442367,'KIT ROLLER 831 NIÑ ROSA 30/33',0.15,1500),(63,133250,'VINO C. Y TORO RES.C.SAUV.X750',0.25,500),(64,295771,'PAPEL CREP COLOR AZUL X2',0.15,1000),(65,305496,'VINO RAZA ARG BICENT MALB X750ML',0.25,500),(66,99768,'TIJERITA ESCOLAR X1UN',0.15,1000),(67,133448,'VINO DON DAVID MALBEC X 750 CC',0.25,500),(68,438302,'PAPEL REGALO FANTASIA PREMIUM',0.15,1000),(69,452701,'AROMATIZANTE AMB VERBENA',0.25,1000),(70,351674,'VINO NAMPE CABERNET X750CC',0.25,500),(71,28366,'CR. NIVEA SOFT POMO X 200 ML',0.15,1000),(72,20332,'VINO HAROL RES CABER X750ML',0.25,500),(73,468393,'SIRENITA/TRES CERDITOS-CLASIC',0.15,1500),(74,439680,'CR.GOICOECHEA ANTICELUL.200M',0.15,1000),(75,24750,'VELAS C/PORTAVELAS CELESTE',0.25,1000),(76,436894,'CR DOVE COCO Y ALMEND X 400ML',0.15,1000),(77,468404,'LI-MINI TRO-NO DRA LLAMA',0.15,1500),(78,413049,'BOLÍGRAFO RET. CRISTAL CLICX4',0.15,1000),(79,375115,'PERCHA CURV MAD POLLERA',0.25,1000),(80,452683,'VINO CANCILLER CAB. 1125',0.25,500),(81,464822,'V NORTON COSECHA TARDÍA 500 CC',0.25,500),(82,410922,'VINO AIME CHARD 750 ML',0.25,500),(83,464725,'CJA ORG SIMIL RATTAN 12,5L AZ',0.25,1000),(84,35596,'VINO TRAPICHE CAB.SUAV.X750CC',0.25,500),(85,319147,'VINO LOS ARBOLES SELEC MALBX750ML',0.25,500),(86,463764,'CAJITA PARA TE 24X16',0.25,1000),(87,383342,'AGUA AWAF NAR-DUR 1,65 ML',0.2,500),(88,391143,'PERCHA DE ACERO',0.25,1000),(89,239127,'PA AFICH COL MUR X2M X1UN',0.15,1000),(90,133043,'VINO F.E.PORTILLO MERLOT  X750',0.25,500),(91,470054,'MACUCAS 36X110G',0.25,500),(92,299562,'TIJERA ADVANCE GREEN 17CM BLISTER',0.15,1000),(93,395520,'SAB LIVRA CERO POM PINK X1.5L',0.2,500),(94,464970,'JUEGA CON LYNA',0.15,1500),(95,326540,'VASO 200CC BCO',0.25,1000),(96,21873,'PORTARROLO P/BA O X1UN',0.25,1000),(97,262876,'BAGUETTE JAM.CRUDO/QUESO X UN',0.25,500),(98,319162,'VINO SAN TELMO SEL BIVARI X750ML',0.25,500),(99,209819,'VINO TERRA MALBEC X750ML',0.25,500),(100,387223,'FSC MIX RP.RIVADAVIA N°3 288H',0.15,1000),(101,430002,'VASO PARA BAÑO BLANCO',0.25,1000),(102,400988,'AQUARIUS ZERO C/G LIMONAD 2,25',0.2,500),(103,432723,'PORTARETRATO MULTIP.X9 SF6144',0.25,1000),(104,440963,'PORTARRETRATO 13X18 CM SF6011',0.25,1000),(105,453428,'RESALTADOR FLUO PASTEL PACKX4',0.15,1000),(106,263310,'CUAD.M. APUNTES 80HS P PUNK CUADRI',0.15,1000),(107,48195,'VOLIGOMA BLISTER ST597   X30ML.',0.1,1500),(108,445682,'MAS.REVITALIFT TELA HYALURO33M',0.15,1000),(109,456503,'THANK YOU MALBEC 750CC',0.25,500),(110,133221,'VINO SALENTEIN MALB RVE X750ML',0.25,500),(111,270774,'CR.NIVEA BODY HIDR.EXPRESS X400ML',0.15,1000),(112,428745,'CAJA PLEGABLE 31X31 ROSA',0.25,1000),(113,333956,'GALLET PEPITOS  QI X118G',0.25,500),(114,468409,'LI-BIBL-LETRAS Y NUMEROS',0.15,1500),(115,364911,'REPUESTO X 500 VAINILLA',0.25,1000),(116,466033,'MAGNA CITRUS 2.250 CC',0.2,500),(117,420782,'CR NIVEA ANTI-EDAD 45+X50M',0.15,1000),(118,326537,'VASO 300CC BCO',0.25,1000),(119,412874,'CARPETA ESCOLAR 3X40 SKATE 2020',0.15,1000),(120,213323,'VINO L MORAS SAU BLANC X750ML',0.25,500),(121,166870,'AGUA SAB.H2OH! L.LIM.X1.5L',0.2,500),(122,382869,'GALL.VARIEDAD.X600G',0.25,500),(123,35139,'VINO TRAPICHE MALBEC    X750CC',0.25,500),(124,288352,'CR.HINDS AVENA X250ML',0.15,1000),(125,458478,'CUENTOS CLASICOS PARA SOÑAR-L',0.15,1500),(126,421136,'EUGENIO BUSTOS CAB SAUV750CC',0.25,500),(127,351677,'VINO NAMPE TEMPRANILL X750CC',0.25,500),(128,411390,'VINO NORTON 1895 MBEC 750',0.25,500),(129,420827,'VINO AGUMA RES SYRAH 750 CC',0.25,500),(130,361429,'VINO COLIMAN TINTO X750',0.25,500),(131,457191,'ESPEJO FINLANDEK 50X50 SF7002',0.25,1000),(132,466601,'PORTARRETRATO FINLANDEK 15X21',0.25,1000),(133,437303,'OBLEA SINF FRU/CRE 100 G.',0.25,500),(134,453230,'BOL CRIST PRECI Y SU 0.7 BLX8',0.15,1000),(135,401119,'AQUARIUS ZERO C/G CITRUS 2,25L',0.2,500),(136,410487,'COL. PEQUEÑOS TESOROS-',0.15,1500),(137,23913,'PA FORR LUNARES AZX2 X1UN',0.15,1000),(138,430911,'LEVITE CERO POMELO S/G X 500ML',0.2,500),(139,356821,'VINO ARGENTO MALBECX750',0.25,500),(140,249782,'LÁPIZ GRAFITO EVOLUTION C/GOMA X3',0.15,1000),(141,21864,'JABONERA DE PARED X1UN',0.25,1000),(142,276447,'REP.EXITO 480HJS RAY MG.REF',0.15,1000),(143,464363,'CR LOREAL UV DEFENDER CLARO40',0.15,1000),(144,204494,'AGUA SAB.H2OH! CITRUSX500ML',0.2,500),(145,176934,'VINO F TTO FINCA NAT X750ML',0.25,500),(146,286797,'VINO PORTILLO SAUV BLANC X750ML',0.25,500),(147,455957,'SET X12 ANILLOS DE CORTINA',0.25,1000),(148,357495,'AUR CONFORT OFA SV 5135',0.15,1000),(149,357314,'ALMOHADA INFLABLE PARA VIAJE',0.2,1000),(150,451306,'POST-IT NOTAS ADHESIVAS X65',0.15,1000),(151,396038,'VINO TOIA GRAN RVA X750ML',0.25,500),(152,464370,'V NOVECENTO CH 750 CC',0.25,500),(153,395518,'AGUA SAB LIVRA CERO MZA X1.5L',0.2,500),(154,457192,'PIZARRA FINLANDEK 40X50 SF110',0.25,1000),(155,354848,'CR. CORP.HINDS DOB.VIT.A 350ML',0.15,1000),(156,441388,'CRISANTEMO FUCSIA 64CM',0.25,1000),(157,114161,'CAJA ARCH KRAFT N2 CM X1UN',0.15,1000),(158,463781,'CAJA PLEGABLE 15X31 ROSADO',0.25,1000),(159,463778,'CAJA PLEGABLE 15X31 AMARILLO',0.25,1000),(160,416133,'VINO CANCILLER.BON,SYR, MB 750',0.25,500),(161,456507,'AVANTI MALBEC 750CC',0.25,500),(162,420610,'VINO RUCA CAB SAUV.750 CC',0.25,500),(163,419684,'HINDS A-AGE PLUS A-OXID 125ML',0.15,1000),(164,463590,'POSAVASOS C/ MADERA BLANCO',0.25,1000),(165,470057,'MANA CHO/VAI 36X152G',0.25,500),(166,35184,'VINO CANCILLER CABERNET X750CC',0.25,500),(167,463832,'PORTAVELA DE VIDRIO 9,5CM',0.25,1000),(168,353371,'LAPIZ GRAFIT \"SIGMA FLEX\" HB/Nº2',0.15,1000),(169,412877,'CARPETA ESCOLAR 3X40 ROCK GIRLS',0.15,1000),(170,468189,'PEPAS C MEMBRI TOSTEX X 300',0.25,500),(171,331361,'AGUA VDS LEVITE CERO NJA X1,5LT',0.2,500),(172,455131,'COL. A JUGAR EN FAMILIA-2 TIT',0.15,1500),(173,466383,'VDS LEVITE LIMON CERO 1500CC',0.2,500),(174,390864,'CESTO DE ROPA FLEXIBLE',0.25,1000),(175,468490,'LÁPICES DE COLORES BORRABLES',0.15,1000),(176,191084,'GEL FACIAL DERMAGLOS HIDRAT.X 70 GR',0.15,1000),(177,459192,'GALLETAS GAONA CHIPS CHOC172GR',0.25,500),(178,355716,'VINO DILEMA TINTOX750',0.25,500),(179,460395,'GALLETA OKEBON AV PASAS 232GR',0.25,500),(180,26613,'SAHUM VARILLA X20 SAND/PEPINO.',0.25,1000),(181,457197,'MARCO P/FOTO 10X15 SF5130',0.25,1000),(182,271181,'LECHE LOREAL.D-EXP.HT5.X200ML',0.15,1000),(183,350057,'VINO VIÑAS DE BALBO CHA X 1125.',0.25,500),(184,411389,'VINO NORTON 1895 CAB SAUV 750',0.25,500),(185,433626,'MARCO P/ FOTOS 20X25',0.25,1000),(186,247043,'VINO EST MZA ROBLE X750ML',0.25,500),(187,299352,'CUAD.AMERICA T/C RAY.X42H',0.15,1000),(188,274331,'VINO BENJA. COLEC. TARD X750ML',0.25,500),(189,453043,'COL. NEURONAS EN ACCION 2-4 T',0.15,1500),(190,457630,'CANASTA 3 L GRIS',0.25,1000),(191,378198,'REPUESTO P/DIFUSOR SAND&VAINILLA',0.25,1000),(192,299578,'CUAD.GLORIA ARAÑA 42H RAY T/D AZL',0.15,1000),(193,133191,'VINO V.DE ORFILA CAB.SAUV.X750',0.25,500),(194,314488,'VINO DADA C/ESPECIAS X750ML',0.25,500),(195,14800,'VINO D. NICANOR MALB X750ML',0.25,500),(196,276914,'CUAD.EXITO ARAÑA 48H RAY VDE T/D',0.15,1000),(197,470050,'VOCACION ACARAMELADA 30X145GS',0.25,500),(198,299384,'REP.RIVADAVIA RAY.X192H',0.15,1000),(199,184365,'GALL TIA MARUCA CHIPS CHOC160G',0.25,500),(200,468392,'CAPERUCITA ROJA/GATO CON BOTAS',0.15,1500),(201,9104,'VINO BENJ NIETO SENET RDO X750ML',0.25,500),(202,325973,'OBLEAS TYM CHOCOLATE  X100G',0.25,500),(203,460005,'GALL CHOC RELL CHOCO 120G',0.25,500),(204,458092,'DECORACION DE PARED FINLANDEK',0.25,1000),(205,306536,'AGUA AQUARIUS POM RDO X500ML',0.2,500),(206,469216,'MEGALIBRO PARA PINTAR 2',0.15,1500),(207,295095,'REP.ESC.AMERICA CUAD.X96H',0.15,1000),(208,313951,'KIT X5 MAPAS N°3 SANTA FE POL.',0.15,1000),(209,344924,'PORTAMINAS FILGO REAL GRIP 0.5MM AZUL/NEG H-105-03',0.15,1000),(210,370104,'LAPIZ DE COLORES MINIX12.',0.15,1000),(211,465803,'APASIONANTE ORIGEN DE LAS PAL',0.15,1500),(212,421673,'TALADRO PERCUTOR 13 MM - 420W',0.2,1500),(213,373598,'PERCHA  COLOR ROJO PIMIENT X4',0.25,1000),(214,413075,'MARCADORES ESCOLARES X6',0.15,1000),(215,454405,'BIA-LIBRO DE ORO',0.15,1500),(216,441907,'TAPA P/ INODORO  TAUPE',0.25,1000),(217,120988,'ADH. VOLIGOMA 50ML X1UN.',0.1,1500),(218,467913,'COL. DIVERSION CON 5',0.15,1500),(219,456511,'AYA SYRAH RESERVA 750CC',0.25,500),(220,276455,'CUAD.EXITO ARAÑA 48H RAY NRJA',0.15,1000),(221,331669,'ULTRA LOUNGE 68564',0.2,1000),(222,35602,'VINO N.CORREAS MALBEC X750CC',0.25,500),(223,276760,'CD ARAÑAT/C X 42 HS RAY CELESTE AMERICA',0.15,1000),(224,359919,'AQUARIUS LIMONADAX1.50',0.2,500),(225,464824,'V NORTON COS TARDÍA TTO 750 CC',0.25,500),(226,276103,'AROS PARA CARPETA Nº4X2',0.15,1000),(227,457213,'MARCO P/FOTO 10X15 SF61392',0.25,1000),(228,133046,'VINO F.EL PORTILLO MALBEC X750',0.25,500),(229,273643,'PAR DE GUANTES MOTEADOS ECO.',0.2,1500),(230,314485,'VINO DADA C/MOKKA X750ML',0.25,500),(231,278572,'VINO CAFAY.RESERV.TORR.X750',0.25,500),(232,106976,'RES. T48 AMARILLO X1 X1UN',0.15,1000),(233,361594,'POLVORON NJA TIA MARUCA 400GRS',0.25,500),(234,341161,'CESTO VAIVEN 3LTS 3052',0.25,1000),(235,133236,'VINO F.LAS MORAS MALBEC X750CC',0.25,500),(236,470055,'MANA VAI/FRU 36X152G',0.25,500),(237,18198,'CR.PONDS S NUTRITIVA X100GR',0.15,1000),(238,459193,'GALLETAS GAONA CRUNCHIPS DARK172GR',0.25,500),(239,375118,'PERCHA MADERA OSCURA',0.25,1000),(240,72070,'LECHE LIMP.NIVEA VIS.HID.X200M',0.15,1000),(241,304601,'PELOTA DE VOLLEY',0.15,1500),(242,325970,'OBLEAS TYM VAINILLA 100 GRS',0.25,500),(243,463808,'JABONERA VERDE',0.25,1000),(244,353459,'RESALT.LIGHTERFINE AMA/VER X2',0.15,1000),(245,262236,'TORTA RECTANG. CUMPLEAÑ. 1 REL',0.25,500),(246,448744,'SIERRA ACERO C/CTRO DEPRIMIDO',0.2,1500),(247,440952,'MINI FLO MOL MEM X3 210GR',0.25,500),(248,462227,'LUN 14X08X20 TROPICAL',0.15,1000),(249,313954,'KIT X5 MAPAS N°3 AMER.DEL SUR POL.',0.15,1000),(250,432289,'MINIPOLVORITA VAI/VAI X147G',0.25,500),(251,17573,'VINO POSTALES MAL X750ML',0.25,500),(252,364904,'DIFUSOR X 120 CITRUS',0.25,1000),(253,428428,'V FRAN CAB SAUV 750 CC',0.25,500);
/*!40000 ALTER TABLE `articulos_en_promocion` ENABLE KEYS */;
UNLOCK TABLES;

--
-- Dumping data for table `detalle_tickets`
--

LOCK TABLES `detalle_tickets` WRITE;
/*!40000 ALTER TABLE `detalle_tickets` DISABLE KEYS */;
INSERT INTO `detalle_tickets` VALUES (1,'FC-203-000000001',203,'DNI-10006924',463781,28,'2022-03-01'),(2,'FC-301-000000002',301,'DNI-10199763',408606,74,'2022-03-23'),(3,'FC-301-000000002',301,'DNI-10199763',261268,7,'2022-03-16'),(4,'FC-301-000000002',301,'DNI-10199763',464127,2,'2022-03-12'),(5,'FC-202-000000003',202,'DNI-10062491',445577,11,'2022-03-06'),(6,'FC-202-000000003',202,'DNI-10062491',412805,1,'2022-03-13'),(7,'FC-401-000000004',401,'DNI-10174555',457199,3,'2022-03-03'),(8,'FC-104-000000005',104,'DNI-10018685',113949,9,'2022-03-26'),(9,'FC-104-000000005',104,'DNI-10018685',270781,2,'2022-03-30'),(10,'FC-204-000000006',204,'DNI-10165924',432414,30,'2022-03-19'),(11,'FC-201-000000007',201,'CUIT-12745282',390989,10,'2022-03-21'),(12,'FC-104-000000008',104,'CI-9279850',442988,11,'2022-03-16'),(13,'FC-104-000000008',104,'CI-9279850',361432,7,'2022-03-12'),(14,'FC-302-000000009',302,'DNI-10219526',276913,48,'2022-03-09'),(15,'FC-302-000000009',302,'DNI-10219526',412688,8,'2022-03-04'),(16,'FC-302-000000009',302,'DNI-10219526',448772,3,'2022-03-19'),(17,'FC-301-000000010',301,'DNI-10173892',338857,10,'2022-03-16'),(18,'FC-301-000000010',301,'DNI-10173892',35139,1,'2022-03-23'),(19,'FC-301-000000010',301,'DNI-10173892',470562,4,'2022-03-17'),(20,'FC-301-000000010',301,'DNI-10173892',465645,1,'2022-03-29'),(21,'FC-301-000000011',301,'DNI-10173000',364906,5,'2022-03-16'),(22,'FC-301-000000011',301,'DNI-10173000',354977,0,'2022-03-10'),(23,'FC-301-000000011',301,'DNI-10173000',441878,2,'2022-03-16'),(24,'FC-402-000000012',402,'DNI-10205301',390864,3,'2022-03-13'),(25,'FC-402-000000013',402,'DNI-10205301',444654,26,'2022-03-02'),(26,'FC-402-000000013',402,'DNI-10205301',199941,2,'2022-03-10'),(27,'FC-301-000000014',301,'DNI-10218079',199576,49,'2022-03-06'),(28,'FC-301-000000014',301,'DNI-10218079',463169,1,'2022-03-01'),(29,'FC-301-000000014',301,'DNI-10218079',373598,15,'2022-03-07'),(30,'FC-402-000000015',402,'DNI-10166165',390864,99,'2022-03-22'),(31,'FC-402-000000015',402,'DNI-10166165',463801,7,'2022-03-27'),(32,'FC-402-000000015',402,'DNI-10166165',309450,2,'2022-03-20'),(33,'FC-101-000000016',101,'DNI-10219438',413045,46,'2022-03-08'),(34,'FC-101-000000016',101,'DNI-10219438',107719,6,'2022-03-11'),(35,'FC-304-000000017',304,'DNI-10173160',361587,41,'2022-03-28'),(36,'FC-304-000000017',304,'DNI-10173160',270756,38,'2022-03-26'),(37,'FC-304-000000017',304,'DNI-10173160',99351,5,'2022-03-14'),(38,'FC-202-000000018',202,'DNI-10018317',207005,92,'2022-03-12'),(39,'FC-202-000000018',202,'DNI-10018317',457027,12,'2022-03-24'),(40,'FC-202-000000018',202,'DNI-10018317',353437,1,'2022-03-18'),(41,'FC-202-000000018',202,'DNI-10018317',351282,2,'2022-03-11'),(42,'FC-103-000000019',103,'DNI-10174621',270762,70,'2022-03-17'),(43,'FC-103-000000019',103,'DNI-10174621',463801,14,'2022-03-10'),(44,'FC-201-000000020',201,'DNI-10172687',461721,8,'2022-03-27'),(45,'FC-201-000000020',201,'DNI-10172687',253640,0,'2022-03-03'),(46,'FC-201-000000021',201,'DNI-10219057',138391,19,'2022-03-08'),(47,'FC-201-000000021',201,'DNI-10219057',120844,10,'2022-03-19'),(48,'FC-402-000000022',402,'CI-93720248',444654,44,'2022-03-13'),(49,'FC-402-000000022',402,'CI-93720248',357314,7,'2022-03-04'),(50,'FC-101-000000023',101,'DNI-10171942',432719,6,'2022-03-16'),(51,'FC-101-000000023',101,'DNI-10171942',438029,5,'2022-03-09'),(52,'FC-402-000000024',402,'CI-94515249',149453,18,'2022-03-20'),(53,'FC-402-000000024',402,'CI-94515249',222460,13,'2022-03-15'),(54,'FC-102-000000025',102,'DNI-10174914',364887,84,'2022-03-17'),(55,'FC-102-000000025',102,'DNI-10174914',206985,7,'2022-03-09'),(56,'FC-204-000000026',204,'DNI-10154149',454415,3,'2022-03-27'),(57,'FC-203-000000027',203,'DNI-10023587',14635,4,'2022-03-28'),(58,'FC-203-000000028',203,'DNI-10012036',373598,24,'2022-03-05'),(59,'FC-203-000000028',203,'DNI-10012036',120840,7,'2022-03-30'),(60,'FC-204-000000029',204,'DNI-10023505',364051,7,'2022-03-19'),(61,'FC-204-000000029',204,'DNI-10023505',454732,1,'2022-03-23'),(62,'FC-201-000000030',201,'DNI-10212425',337907,20,'2022-03-27'),(63,'FC-201-000000030',201,'DNI-10212425',428756,3,'2022-03-19'),(64,'FC-103-000000031',103,'DNI-10167752',276915,15,'2022-03-08'),(65,'FC-105-000000032',105,'DNI-10001767',113949,13,'2022-03-29'),(66,'FC-203-000000033',203,'DNI-10002337',453429,63,'2022-03-14'),(67,'FC-203-000000033',203,'DNI-10002337',457210,15,'2022-03-11'),(68,'FC-203-000000033',203,'DNI-10002337',409370,2,'2022-03-23'),(69,'FC-304-000000034',304,'DNI-10062491',265570,54,'2022-03-16'),(70,'FC-304-000000034',304,'DNI-10062491',313951,19,'2022-03-28'),(71,'FC-102-000000035',102,'DNI-10142673',276446,12,'2022-03-24'),(72,'FC-102-000000035',102,'DNI-10142673',149220,2,'2022-03-10'),(73,'FC-301-000000036',301,'DNI-10046500',295768,49,'2022-03-26'),(74,'FC-301-000000036',301,'DNI-10046500',412689,8,'2022-03-25'),(75,'FC-303-000000037',303,'DNI-10050602',470559,19,'2022-03-06'),(76,'FC-303-000000037',303,'DNI-10050602',314540,2,'2022-03-11'),(77,'FC-105-000000038',105,'DNI-10189876',430911,74,'2022-03-16'),(78,'FC-105-000000038',105,'DNI-10189876',35297,5,'2022-03-26'),(79,'FC-105-000000038',105,'DNI-10189876',457619,1,'2022-03-28'),(80,'FC-302-000000039',302,'DNI-10171615',465803,113,'2022-03-06'),(81,'FC-302-000000039',302,'DNI-10171615',365286,7,'2022-03-10'),(82,'FC-204-000000040',204,'DNI-10135712',469199,75,'2022-03-10'),(83,'FC-204-000000040',204,'DNI-10135712',295096,21,'2022-03-31'),(84,'FC-204-000000040',204,'DNI-10135712',431783,2,'2022-03-02'),(85,'FC-204-000000041',204,'DNI-10053136',390624,119,'2022-03-03'),(86,'FC-204-000000041',204,'DNI-10053136',133426,1,'2022-03-04'),(87,'FC-204-000000041',204,'DNI-10053136',434170,1,'2022-03-22'),(88,'FC-102-000000042',102,'DNI-10199763',365215,129,'2022-03-29'),(89,'FC-102-000000042',102,'DNI-10199763',441878,38,'2022-03-30'),(90,'FC-102-000000042',102,'DNI-10199763',446614,3,'2022-03-16'),(91,'FC-102-000000042',102,'DNI-10199763',375121,1,'2022-03-11'),(92,'FC-303-000000043',303,'CI-6519799',170333,66,'2022-03-12'),(93,'FC-303-000000043',303,'CI-6519799',432712,13,'2022-03-05'),(94,'FC-303-000000043',303,'CI-6519799',262158,18,'2022-03-18'),(95,'FC-203-000000044',203,'DNI-10056125',464974,34,'2022-03-02'),(96,'FC-203-000000044',203,'DNI-10056125',470052,1,'2022-03-19'),(97,'FC-101-000000045',101,'DNI-10183307',469199,23,'2022-03-31'),(98,'FC-101-000000045',101,'DNI-10183307',387044,1,'2022-03-01'),(99,'FC-101-000000045',101,'DNI-10183307',373598,4,'2022-03-06'),(100,'FC-201-000000046',201,'DNI-10018347',453484,30,'2022-03-25'),(101,'FC-105-000000047',105,'DNI-10056125',453191,2,'2022-03-16'),(102,'FC-202-000000048',202,'DNI-10167044',23913,60,'2022-03-19'),(103,'FC-202-000000048',202,'DNI-10167044',377919,12,'2022-03-12'),(104,'FC-104-000000049',104,'DNI-10219526',35350,81,'2022-03-29'),(105,'FC-104-000000049',104,'DNI-10219526',364907,29,'2022-03-18'),(106,'FC-102-000000050',102,'DNI-10023587',387123,25,'2022-03-21'),(107,'FC-102-000000050',102,'DNI-10023587',413057,7,'2022-03-25'),(108,'FC-101-000000051',101,'DNI-10173892',361588,33,'2022-03-24'),(109,'FC-101-000000051',101,'DNI-10173892',261641,16,'2022-03-15'),(110,'FC-101-000000051',101,'DNI-10173892',133425,1,'2022-03-31'),(111,'FC-204-000015602',204,'DNI-10010609',456215,22,'2022-03-30'),(112,'FC-204-000015602',204,'DNI-10010609',120861,0,'2022-03-30'),(113,'FC-401-000015603',401,'DNI-10061981',99149,23,'2022-03-24'),(114,'FC-401-000015603',401,'DNI-10061981',262878,10,'2022-03-28'),(115,'FC-401-000015603',401,'DNI-10061981',205205,3,'2022-03-10'),(116,'FC-105-000015604',105,'DNI-10219089',451895,34,'2022-03-22'),(117,'FC-105-000015604',105,'DNI-10219089',464944,1,'2022-03-10'),(118,'FC-105-000015604',105,'DNI-10219089',266123,2,'2022-03-19'),(119,'FC-105-000015604',105,'DNI-10219089',359704,1,'2022-03-05'),(120,'FC-401-000015605',401,'DNI-10070283',387469,27,'2022-03-18'),(121,'FC-401-000015605',401,'DNI-10070283',469199,4,'2022-03-27'),(122,'FC-401-000015605',401,'DNI-10070283',462011,4,'2022-03-31'),(123,'FC-401-000015605',401,'DNI-10070283',354193,2,'2022-03-14'),(124,'FC-204-000015606',204,'DNI-10014440',357135,36,'2022-03-17'),(125,'FC-204-000015606',204,'DNI-10014440',35223,22,'2022-03-31'),(126,'FC-104-000015607',104,'DNI-10125466',464810,23,'2022-03-29'),(127,'FC-104-000015607',104,'DNI-10125466',351670,18,'2022-03-02'),(128,'FC-104-000015607',104,'DNI-10125466',299254,1,'2022-03-15'),(129,'FC-203-000015608',203,'DNI-10154302',436598,70,'2022-03-13'),(130,'FC-203-000015608',203,'DNI-10154302',421470,6,'2022-03-26'),(131,'FC-203-000015608',203,'DNI-10154302',35596,3,'2022-03-15'),(132,'FC-203-000015608',203,'DNI-10154302',410487,1,'2022-03-19'),(133,'FC-103-000015609',103,'DNI-10167752',388907,18,'2022-03-28'),(134,'FC-103-000015609',103,'DNI-10167752',361433,4,'2022-03-31'),(135,'FC-303-000015610',303,'DNI-10167553',10216,276,'2022-03-17'),(136,'FC-303-000015610',303,'DNI-10167553',462754,107,'2022-03-26'),(137,'FC-303-000015610',303,'DNI-10167553',337692,2,'2022-03-21'),(138,'FC-303-000015610',303,'DNI-10167553',454382,3,'2022-03-17'),(139,'FC-303-000015611',303,'DNI-10167553',316638,45,'2022-03-07'),(140,'FC-303-000015611',303,'DNI-10167553',377919,19,'2022-03-23'),(141,'FC-303-000015611',303,'DNI-10167553',469127,10,'2022-03-27'),(142,'FC-103-000015612',103,'DNI-10154113',207005,4,'2022-03-28'),(143,'FC-302-000015613',302,'DNI-10029854',404776,53,'2022-03-13'),(144,'FC-302-000015613',302,'DNI-10029854',314886,26,'2022-03-17'),(145,'FC-101-000015614',101,'DNI-10205267',388468,40,'2022-03-18'),(146,'FC-102-000015615',102,'DNI-10006924',365275,86,'2022-03-20'),(147,'FC-102-000015615',102,'DNI-10006924',468482,5,'2022-03-03'),(148,'FC-303-000015616',303,'DNI-10205267',441281,1,'2022-03-17'),(149,'FC-303-000015616',303,'DNI-10205267',438574,1,'2022-03-08'),(150,'FC-303-000015616',303,'DNI-10205267',413045,2,'2022-03-24'),(151,'FC-303-000015616',303,'DNI-10205267',454728,1,'2022-03-10'),(152,'FC-302-000015617',302,'DNI-10173160',133048,5,'2022-03-01'),(153,'FC-302-000015617',302,'DNI-10173160',288366,5,'2022-03-31'),(154,'FC-302-000015617',302,'DNI-10173160',312478,1,'2022-03-04'),(155,'FC-302-000015617',302,'DNI-10173160',274152,2,'2022-03-04'),(156,'FC-304-000015618',304,'DNI-10027159',276442,87,'2022-03-12'),(157,'FC-304-000015618',304,'DNI-10027159',431768,19,'2022-03-06'),(158,'FC-304-000015618',304,'DNI-10027159',445536,12,'2022-03-25'),(159,'FC-202-000015619',202,'DNI-10218124',120861,15,'2022-03-07'),(160,'FC-202-000015619',202,'DNI-10218124',457630,1,'2022-03-15'),(161,'FC-202-000015619',202,'DNI-10218124',146592,4,'2022-03-29'),(162,'FC-304-000015620',304,'DNI-10173026',114253,4,'2022-03-04'),(163,'FC-304-000015620',304,'DNI-10173026',464969,1,'2022-03-16'),(164,'FC-304-000015620',304,'DNI-10173026',390996,1,'2022-03-10'),(165,'FC-103-000015621',103,'DNI-10219438',363677,42,'2022-03-16'),(166,'FC-103-000015621',103,'DNI-10219438',387275,19,'2022-03-21'),(167,'FC-103-000015621',103,'DNI-10219438',469160,1,'2022-03-22'),(168,'FC-105-000015622',105,'DNI-10154302',262878,5,'2022-03-11'),(169,'FC-105-000015622',105,'DNI-10154302',456513,1,'2022-03-25'),(170,'FC-105-000015622',105,'DNI-10154302',444162,1,'2022-03-06'),(171,'FC-402-000015623',402,'DNI-10013691',146376,35,'2022-03-24'),(172,'FC-402-000015623',402,'DNI-10013691',469192,25,'2022-03-07'),(173,'FC-402-000015623',402,'DNI-10013691',306456,1,'2022-03-10'),(174,'FC-301-000015624',301,'DNI-10174220',299562,33,'2022-03-18'),(175,'FC-301-000015624',301,'DNI-10174220',262879,9,'2022-03-21'),(176,'FC-301-000015624',301,'DNI-10174220',387275,2,'2022-03-26'),(177,'FC-103-000015625',103,'DNI-10219373',462011,6,'2022-03-25'),(178,'FC-103-000015625',103,'DNI-10219373',463828,2,'2022-03-16'),(179,'FC-301-000015626',301,'DNI-10204176',171024,12,'2022-03-27'),(180,'FC-301-000015626',301,'DNI-10204176',453043,0,'2022-03-23'),(181,'FC-103-000015627',103,'DNI-10187219',265580,15,'2022-03-06'),(182,'FC-103-000015627',103,'DNI-10187219',149453,3,'2022-03-19'),(183,'FC-103-000015627',103,'DNI-10187219',441385,4,'2022-03-31'),(184,'FC-103-000015628',103,'DNI-10048053',445676,55,'2022-03-26'),(185,'FC-103-000015628',103,'DNI-10048053',357133,15,'2022-03-31'),(186,'FC-103-000015628',103,'DNI-10048053',450426,3,'2022-03-10'),(187,'FC-301-000015629',301,'DNI-10018928',276915,46,'2022-03-04'),(188,'FC-301-000015629',301,'DNI-10018928',114173,2,'2022-03-20'),(189,'FC-301-000015629',301,'DNI-10018928',452755,1,'2022-03-13'),(190,'FC-301-000015629',301,'DNI-10018928',434065,2,'2022-03-05'),(191,'FC-203-000015630',203,'DNI-10202684',213416,6,'2022-03-03'),(192,'FC-203-000015630',203,'DNI-10202684',410869,2,'2022-03-01'),(193,'FC-203-000015630',203,'DNI-10202684',206709,1,'2022-03-29'),(194,'FC-201-000015631',201,'DNI-10005666',333960,23,'2022-03-04'),(195,'FC-201-000015631',201,'DNI-10005666',263310,1,'2022-03-25'),(196,'FC-105-000015632',105,'DNI-10167044',416134,64,'2022-03-26'),(197,'FC-105-000015632',105,'DNI-10167044',469385,45,'2022-03-27'),(198,'FC-105-000015632',105,'DNI-10167044',454732,1,'2022-03-13'),(199,'FC-105-000015632',105,'DNI-10167044',463629,1,'2022-03-24'),(200,'FC-105-000015632',105,'DNI-10167044',412466,20,'2022-03-12'),(201,'FC-103-000015633',103,'DNI-10171615',176934,23,'2022-03-23'),(202,'FC-103-000015633',103,'DNI-10171615',350057,1,'2022-03-07'),(203,'FC-103-000015633',103,'DNI-10171615',431219,1,'2022-03-24'),(204,'FC-104-000015634',104,'DNI-10168370',9814,1,'2022-03-26'),(205,'FC-104-000015634',104,'DNI-10168370',376102,1,'2022-03-28'),(206,'FC-402-000015635',402,'DNI-10172604',467427,2,'2022-03-19'),(207,'FC-402-000015635',402,'DNI-10172604',451251,4,'2022-03-16'),(208,'FC-201-000015636',201,'DNI-10164697',454021,4,'2022-03-16'),(209,'FC-203-000015637',203,'DNI-10012806',265552,46,'2022-03-16'),(210,'FC-203-000015637',203,'DNI-10012806',331379,7,'2022-03-25'),(211,'FC-203-000015637',203,'DNI-10012806',462751,1,'2022-03-01'),(212,'FC-301-000015638',301,'DNI-10219507',468501,16,'2022-03-25'),(213,'FC-301-000015638',301,'DNI-10219507',413014,10,'2022-03-24'),(214,'FC-301-000015638',301,'DNI-10219507',199941,3,'2022-03-30'),(215,'FC-202-000015639',202,'DNI-10012382',453230,136,'2022-03-21'),(216,'FC-202-000015639',202,'DNI-10012382',457915,14,'2022-03-26'),(217,'FC-202-000015639',202,'DNI-10012382',276915,2,'2022-03-15'),(218,'FC-202-000015639',202,'DNI-10012382',383344,13,'2022-03-29'),(219,'FC-201-000015640',201,'DNI-10017251',353459,2,'2022-03-23'),(220,'FC-201-000015640',201,'DNI-10017251',458113,1,'2022-03-30'),(221,'FC-201-000015640',201,'DNI-10017251',275159,1,'2022-03-15'),(222,'FC-301-000015641',301,'DNI-10174914',464810,13,'2022-03-26'),(223,'FC-301-000015641',301,'DNI-10174914',150817,6,'2022-03-08'),(224,'FC-301-000015641',301,'DNI-10174914',416134,1,'2022-03-13'),(225,'FC-203-000015642',203,'DNI-10011821',457213,91,'2022-03-19'),(226,'FC-203-000015642',203,'DNI-10011821',464970,11,'2022-03-06'),(227,'FC-203-000015642',203,'DNI-10011821',316639,1,'2022-03-24'),(228,'FC-203-000015642',203,'DNI-10011821',35264,3,'2022-03-08'),(229,'FC-304-000015643',304,'DNI-10068367',312514,86,'2022-03-20'),(230,'FC-304-000015643',304,'DNI-10068367',146348,8,'2022-03-26'),(231,'FC-304-000015643',304,'DNI-10068367',213502,1,'2022-03-28'),(232,'FC-304-000015643',304,'DNI-10068367',454734,1,'2022-03-22'),(233,'FC-304-000015643',304,'DNI-10068367',364893,6,'2022-03-06'),(234,'FC-105-000015644',105,'CI-22427772',370174,47,'2022-03-14'),(235,'FC-105-000015644',105,'CI-22427772',120840,22,'2022-03-09'),(236,'FC-102-000015645',102,'DNI-10006412',299913,13,'2022-03-18'),(237,'FC-102-000015645',102,'DNI-10006412',270773,8,'2022-03-04'),(238,'FC-102-000015645',102,'DNI-10006412',266123,1,'2022-03-30'),(239,'FC-102-000015645',102,'DNI-10006412',463606,1,'2022-03-05'),(240,'FC-103-000015646',103,'DNI-10142673',456260,1,'2022-03-11'),(241,'FC-103-000015646',103,'DNI-10142673',442367,5,'2022-03-26'),(242,'FC-105-000015647',105,'DNI-10062405',277457,54,'2022-03-20'),(243,'FC-105-000015647',105,'DNI-10062405',146348,7,'2022-03-05'),(244,'FC-105-000015647',105,'DNI-10062405',430020,6,'2022-03-01'),(245,'FC-303-000015648',303,'DNI-10188579',455956,55,'2022-03-15'),(246,'FC-303-000015648',303,'DNI-10188579',273493,32,'2022-03-05'),(247,'FC-303-000015648',303,'DNI-10188579',429634,7,'2022-03-12'),(248,'FC-402-000015649',402,'DNI-10167598',276914,7,'2022-03-10'),(249,'FC-402-000015649',402,'DNI-10167598',455957,4,'2022-03-20'),(250,'FC-201-000015650',201,'DNI-10174621',276914,30,'2022-03-14'),(251,'FC-201-000015650',201,'DNI-10174621',463590,3,'2022-03-04'),(252,'FC-201-000015650',201,'DNI-10174621',441385,1,'2022-03-08'),(253,'FC-201-000015651',201,'DNI-10156640',453232,34,'2022-03-08'),(254,'FC-201-000015651',201,'DNI-10156640',138685,1,'2022-03-18'),(255,'FC-204-000015652',204,'DNI-10019361',442711,3,'2022-03-13'),(256,'FC-204-000015652',204,'DNI-10019361',420826,1,'2022-03-22'),(257,'FC-202-000015653',202,'DNI-10012382',269731,12,'2022-03-12'),(258,'FC-202-000015653',202,'DNI-10012382',410248,0,'2022-03-29'),(259,'FC-202-000015653',202,'DNI-10012382',462649,3,'2022-03-24'),(260,'FC-303-000015654',303,'DNI-10167044',9817,22,'2022-03-04'),(261,'FC-303-000015654',303,'DNI-10167044',35093,11,'2022-03-25'),(262,'FC-303-000015654',303,'DNI-10167044',314485,1,'2022-03-17'),(263,'FC-103-000015655',103,'DNI-10174889',464974,184,'2022-03-28'),(264,'FC-402-000015656',402,'DNI-10052181',459189,53,'2022-03-13'),(265,'FC-402-000015656',402,'DNI-10052181',413057,4,'2022-03-10'),(266,'FC-402-000015656',402,'DNI-10052181',163922,2,'2022-03-13'),(267,'FC-103-000015657',103,'DNI-10017443',445679,67,'2022-03-31'),(268,'FC-103-000015657',103,'DNI-10017443',265570,1,'2022-03-19'),(269,'FC-103-000015657',103,'DNI-10017443',314485,1,'2022-03-03'),(270,'FC-301-000015658',301,'DNI-10189793',468492,8,'2022-03-07'),(271,'FC-301-000015658',301,'DNI-10189793',463817,0,'2022-03-26'),(272,'FC-301-000015658',301,'DNI-10189793',35184,2,'2022-03-25'),(273,'FC-401-000015659',401,'DNI-10020912',387136,8,'2022-03-18'),(274,'FC-401-000015659',401,'DNI-10020912',469388,0,'2022-03-12'),(275,'FC-401-000015659',401,'DNI-10020912',276559,5,'2022-03-09'),(276,'FC-302-000015660',302,'DNI-10019361',353455,1,'2022-03-04'),(277,'FC-302-000015660',302,'DNI-10019361',199976,12,'2022-03-15'),(278,'FC-302-000015660',302,'DNI-10019361',463573,1,'2022-03-27'),(279,'FC-101-000015661',101,'DNI-10219639',241037,184,'2022-03-25'),(280,'FC-101-000015661',101,'DNI-10219639',467919,71,'2022-03-23'),(281,'FC-101-000015661',101,'DNI-10219639',453242,1,'2022-03-04'),(282,'FC-102-000015662',102,'DNI-10173197',99410,33,'2022-03-02'),(283,'FC-102-000015662',102,'DNI-10173197',24129,3,'2022-03-28'),(284,'FC-102-000015662',102,'DNI-10173197',463828,1,'2022-03-21'),(285,'FC-303-000015663',303,'DNI-10167598',388897,61,'2022-03-10'),(286,'FC-303-000015663',303,'DNI-10167598',454508,10,'2022-03-14'),(287,'FC-303-000015663',303,'DNI-10167598',291845,1,'2022-03-21'),(288,'FC-303-000015663',303,'DNI-10167598',396038,1,'2022-03-23'),(289,'FC-202-000015664',202,'DNI-10030541',294404,15,'2022-03-07'),(290,'FC-202-000015664',202,'DNI-10030541',356467,2,'2022-03-28'),(291,'FC-105-000015665',105,'DNI-10193427',416124,81,'2022-03-10'),(292,'FC-104-000015666',104,'DNI-10048053',469206,24,'2022-03-25'),(293,'FC-104-000015666',104,'DNI-10048053',341348,6,'2022-03-02'),(294,'FC-302-000015667',302,'DNI-10219639',361595,14,'2022-03-30'),(295,'FC-302-000015667',302,'DNI-10219639',370116,40,'2022-03-20'),(296,'FC-302-000015667',302,'DNI-10219639',373598,2,'2022-03-10'),(297,'FC-301-000015668',301,'DNI-10017251',205205,18,'2022-03-06'),(298,'FC-301-000015668',301,'DNI-10017251',261908,7,'2022-03-19'),(299,'FC-301-000015668',301,'DNI-10017251',133425,1,'2022-03-10'),(300,'FC-203-000015669',203,'DNI-10010609',468409,139,'2022-03-20'),(301,'FC-203-000015669',203,'DNI-10010609',388901,20,'2022-03-13'),(302,'FC-203-000015669',203,'DNI-10010609',454415,4,'2022-03-28'),(303,'FC-203-000015669',203,'DNI-10010609',456800,11,'2022-03-21'),(304,'FC-105-000015670',105,'DNI-10156844',338773,30,'2022-03-01'),(305,'FC-105-000015670',105,'DNI-10156844',416134,3,'2022-03-17'),(306,'FC-105-000015670',105,'DNI-10156844',445363,1,'2022-03-03'),(307,'FC-105-000015670',105,'DNI-10156844',413043,4,'2022-03-27'),(308,'FC-102-000015671',102,'DNI-10052181',254653,106,'2022-03-16'),(309,'FC-102-000015671',102,'DNI-10052181',120687,19,'2022-03-21'),(310,'FC-104-000015672',104,'DNI-10012984',314967,39,'2022-03-15'),(311,'FC-104-000015672',104,'DNI-10012984',465814,22,'2022-03-22'),(312,'FC-104-000015672',104,'DNI-10012984',464974,2,'2022-03-08'),(313,'FC-301-000015673',301,'DNI-10218124',171024,1,'2022-03-27'),(314,'FC-301-000015673',301,'DNI-10218124',23054,3,'2022-03-13'),(315,'FC-301-000015673',301,'DNI-10218124',26613,2,'2022-03-29'),(316,'FC-103-000015674',103,'DNI-10117296',468501,46,'2022-03-06'),(317,'FC-103-000015674',103,'DNI-10117296',361587,25,'2022-03-22'),(318,'FC-103-000015674',103,'DNI-10117296',294404,3,'2022-03-31'),(319,'FC-103-000015674',103,'DNI-10117296',209823,2,'2022-03-24'),(320,'FC-103-000015674',103,'DNI-10117296',444452,4,'2022-03-18'),(321,'FC-201-000015675',201,'DNI-10023505',450225,12,'2022-03-08'),(322,'FC-201-000015675',201,'DNI-10023505',390966,0,'2022-03-14'),(323,'FC-202-000015676',202,'DNI-10017443',432818,115,'2022-03-31'),(324,'FC-202-000015676',202,'DNI-10017443',457210,14,'2022-03-22'),(325,'FC-202-000015676',202,'DNI-10017443',349226,7,'2022-03-04'),(326,'FC-303-000015677',303,'DNI-10012806',453232,1,'2022-03-07'),(327,'FC-303-000015677',303,'DNI-10012806',133182,1,'2022-03-10'),(328,'FC-303-000015677',303,'DNI-10012806',462011,1,'2022-03-03'),(329,'FC-302-000015678',302,'DNI-10023505',314485,124,'2022-03-22'),(330,'FC-302-000015678',302,'DNI-10023505',444452,18,'2022-03-05'),(331,'FC-302-000015678',302,'DNI-10023505',419684,1,'2022-03-28'),(332,'FC-302-000015678',302,'DNI-10023505',438302,32,'2022-03-21'),(333,'FC-102-000015679',102,'DNI-10193427',278572,3,'2022-03-10'),(334,'FC-102-000015679',102,'DNI-10193427',413042,2,'2022-03-17'),(335,'FC-102-000015679',102,'DNI-10193427',99035,2,'2022-03-22'),(336,'FC-102-000015679',102,'DNI-10193427',359704,1,'2022-03-08'),(337,'FC-102-000015680',102,'DNI-10174931',21864,21,'2022-03-21'),(338,'FC-102-000015680',102,'DNI-10174931',456503,4,'2022-03-24'),(339,'FC-101-000015681',101,'DNI-10006924',99045,9,'2022-03-14'),(340,'FC-101-000015681',101,'DNI-10006924',18198,1,'2022-03-11'),(341,'FC-101-000015681',101,'DNI-10006924',313951,3,'2022-03-22'),(342,'FC-202-000015682',202,'DNI-10173931',299254,48,'2022-03-18'),(343,'FC-202-000015682',202,'DNI-10173931',359878,7,'2022-03-20'),(344,'FC-202-000015682',202,'DNI-10173931',420608,2,'2022-03-16'),(345,'FC-304-000015683',304,'DNI-10115150',306536,6,'2022-03-11'),(346,'FC-304-000015683',304,'DNI-10115150',268572,1,'2022-03-29'),(347,'FC-304-000015683',304,'DNI-10115150',353974,1,'2022-03-23'),(348,'FC-102-000015684',102,'DNI-10164668',458113,6,'2022-03-18'),(349,'FC-102-000015684',102,'DNI-10164668',451248,2,'2022-03-26'),(350,'FC-102-000015684',102,'DNI-10164668',261910,2,'2022-03-25'),(351,'FC-102-000015685',102,'DNI-10166821',35350,32,'2022-03-20'),(352,'FC-102-000015685',102,'DNI-10166821',457027,10,'2022-03-22'),(353,'FC-202-000015686',202,'DNI-10162297',453043,17,'2022-03-17'),(354,'FC-202-000015686',202,'DNI-10162297',292162,6,'2022-03-04'),(355,'FC-202-000015686',202,'DNI-10162297',194963,2,'2022-03-25'),(356,'FC-402-000015687',402,'DNI-10172503',320943,19,'2022-03-12'),(357,'FC-402-000015687',402,'DNI-10172503',468408,36,'2022-03-11'),(358,'FC-402-000015687',402,'DNI-10172503',450794,11,'2022-03-26'),(359,'FC-202-000015688',202,'DNI-10052978',432818,43,'2022-03-09'),(360,'FC-202-000015688',202,'DNI-10052978',253640,14,'2022-03-06'),(361,'FC-202-000015688',202,'DNI-10052978',396046,2,'2022-03-20'),(362,'FC-202-000015688',202,'DNI-10052978',438022,10,'2022-03-09'),(363,'FC-302-000015689',302,'DNI-10035007',339240,26,'2022-03-07'),(364,'FC-302-000015689',302,'DNI-10035007',18195,2,'2022-03-18'),(365,'FC-302-000015689',302,'DNI-10035007',412467,5,'2022-03-19'),(366,'FC-104-000015690',104,'DNI-10050768',464969,50,'2022-03-17'),(367,'FC-104-000015690',104,'DNI-10050768',133170,2,'2022-03-19'),(368,'FC-203-000015691',203,'DNI-10166956',421190,88,'2022-03-23'),(369,'FC-203-000015691',203,'DNI-10166956',101753,36,'2022-03-04'),(370,'FC-203-000015691',203,'DNI-10166956',450227,1,'2022-03-22'),(371,'FC-203-000015691',203,'DNI-10166956',331379,10,'2022-03-08'),(372,'FC-401-000015692',401,'DNI-10011821',325973,43,'2022-03-28'),(373,'FC-401-000015692',401,'DNI-10011821',456805,13,'2022-03-17'),(374,'FC-401-000015692',401,'DNI-10011821',428430,1,'2022-03-14'),(375,'FC-401-000015692',401,'DNI-10011821',261268,4,'2022-03-08'),(376,'FC-401-000015692',401,'DNI-10011821',268872,4,'2022-03-09'),(377,'FC-401-000015693',401,'DNI-10020936',335312,3,'2022-03-08'),(378,'FC-401-000015693',401,'DNI-10020936',241138,1,'2022-03-05'),(379,'FC-303-000015694',303,'DNI-10187219',314886,8,'2022-03-21'),(380,'FC-303-000015694',303,'DNI-10187219',332798,1,'2022-03-18'),(381,'FC-303-000015694',303,'DNI-10187219',464726,1,'2022-03-23'),(382,'FC-104-000015695',104,'DNI-10179042',262308,10,'2022-03-07'),(383,'FC-104-000015695',104,'DNI-10179042',35519,3,'2022-03-01'),(384,'FC-104-000015695',104,'DNI-10179042',401119,3,'2022-03-27'),(385,'FC-104-000015696',104,'DNI-10024827',333960,14,'2022-03-22'),(386,'FC-104-000015696',104,'DNI-10024827',176934,2,'2022-03-11'),(387,'FC-104-000015696',104,'DNI-10024827',468385,3,'2022-03-24'),(388,'FC-304-000015697',304,'DNI-10218733',454415,60,'2022-03-06'),(389,'FC-304-000015697',304,'DNI-10218733',458440,42,'2022-03-28'),(390,'FC-304-000015697',304,'DNI-10218733',464970,1,'2022-03-07'),(391,'FC-304-000015697',304,'DNI-10218733',436598,3,'2022-03-17'),(392,'FC-303-000015698',303,'DNI-10174931',435688,11,'2022-03-29'),(393,'FC-303-000015698',303,'DNI-10174931',383344,3,'2022-03-28'),(394,'FC-102-000015699',102,'DNI-10053179',411613,35,'2022-03-10'),(395,'FC-102-000015699',102,'DNI-10053179',387275,2,'2022-03-11'),(396,'FC-102-000015699',102,'DNI-10053179',274152,5,'2022-03-07'),(397,'FC-102-000015699',102,'DNI-10053179',468486,2,'2022-03-03'),(398,'FC-304-000015700',304,'DNI-10035847',276760,45,'2022-03-03'),(399,'FC-304-000015700',304,'DNI-10035847',269672,33,'2022-03-15'),(400,'FC-304-000015700',304,'DNI-10035847',207005,2,'2022-03-20'),(401,'FC-304-000015700',304,'DNI-10035847',331380,20,'2022-03-14'),(402,'FC-304-000015701',304,'DNI-10219639',413057,16,'2022-03-08'),(403,'FC-304-000015701',304,'DNI-10219639',120844,0,'2022-03-20'),(404,'FC-103-000015702',103,'CI-94515249',412830,16,'2022-03-14'),(405,'FC-103-000015702',103,'CI-94515249',457193,3,'2022-03-23'),(406,'FC-103-000015702',103,'CI-94515249',432414,7,'2022-03-09'),(407,'FC-304-000015703',304,'DNI-10023587',470057,1,'2022-03-29'),(408,'FC-401-000015704',401,'DNI-10070192',465749,25,'2022-03-24'),(409,'FC-401-000015704',401,'DNI-10070192',457197,6,'2022-03-10'),(410,'FC-401-000015704',401,'DNI-10070192',206985,1,'2022-03-12'),(411,'FC-401-000015704',401,'DNI-10070192',104100,4,'2022-03-17'),(412,'FC-105-000015705',105,'DNI-10168370',412762,61,'2022-03-29'),(413,'FC-105-000015705',105,'DNI-10168370',438739,112,'2022-03-02'),(414,'FC-105-000015705',105,'DNI-10168370',457884,1,'2022-03-08'),(415,'FC-105-000015705',105,'DNI-10168370',383506,1,'2022-03-05'),(416,'FC-402-000015706',402,'DNI-10014411',445577,34,'2022-03-01'),(417,'FC-402-000015706',402,'DNI-10014411',26613,10,'2022-03-20'),(418,'FC-102-000015707',102,'DNI-10035847',313951,159,'2022-03-13'),(419,'FC-102-000015707',102,'DNI-10035847',464811,25,'2022-03-19'),(420,'FC-102-000015707',102,'DNI-10035847',439662,4,'2022-03-01'),(421,'FC-102-000015707',102,'DNI-10035847',452191,6,'2022-03-12'),(422,'FC-204-000015708',204,'DNI-10187219',275159,96,'2022-03-01'),(423,'FC-204-000015708',204,'DNI-10187219',457207,16,'2022-03-03'),(424,'FC-204-000015708',204,'DNI-10187219',440952,6,'2022-03-20'),(425,'FC-302-000015709',302,'DNI-10153081',166886,39,'2022-03-18'),(426,'FC-103-000015710',103,'DNI-10168370',420826,17,'2022-03-17'),(427,'FC-103-000015710',103,'DNI-10168370',387440,8,'2022-03-17'),(428,'FC-103-000015710',103,'DNI-10168370',133046,6,'2022-03-12'),(429,'FC-103-000015710',103,'DNI-10168370',299344,5,'2022-03-03'),(430,'FC-103-000015711',103,'DNI-10045773',410487,32,'2022-03-03'),(431,'FC-103-000015711',103,'DNI-10045773',465803,3,'2022-03-29'),(432,'FC-103-000015711',103,'DNI-10045773',444162,10,'2022-03-04'),(433,'FC-204-000015712',204,'DNI-10019465',353152,47,'2022-03-15'),(434,'FC-204-000015712',204,'DNI-10019465',452191,5,'2022-03-31'),(435,'FC-303-000015713',303,'DNI-10125466',246106,2,'2022-03-12'),(436,'FC-302-000015714',302,'DNI-10035847',448142,10,'2022-03-25'),(437,'FC-302-000015714',302,'DNI-10035847',175754,7,'2022-03-24'),(438,'FC-302-000015714',302,'DNI-10035847',364907,5,'2022-03-23'),(439,'FC-302-000015714',302,'DNI-10035847',364905,5,'2022-03-06'),(440,'FC-302-000015715',302,'DNI-10017443',295163,32,'2022-03-06'),(441,'FC-302-000015715',302,'DNI-10017443',390787,18,'2022-03-13'),(442,'FC-302-000015715',302,'DNI-10017443',17975,3,'2022-03-28'),(443,'FC-304-000015716',304,'DNI-10018317',203349,33,'2022-03-01'),(444,'FC-304-000015716',304,'DNI-10018317',114253,4,'2022-03-01'),(445,'FC-204-000015717',204,'DNI-10062491',465814,21,'2022-03-14'),(446,'FC-204-000015717',204,'DNI-10062491',466035,2,'2022-03-29'),(447,'FC-204-000015717',204,'DNI-10062491',133373,1,'2022-03-25'),(448,'FC-203-000015718',203,'DNI-10172861',294404,2,'2022-03-20'),(449,'FC-103-000015719',103,'DNI-10006692',17975,97,'2022-03-12'),(450,'FC-103-000015719',103,'DNI-10006692',412830,7,'2022-03-28'),(451,'FC-304-000015720',304,'DNI-10218124',184240,107,'2022-03-13'),(452,'FC-304-000015720',304,'DNI-10218124',133182,1,'2022-03-10'),(453,'FC-304-000015720',304,'DNI-10218124',385682,14,'2022-03-29'),(454,'FC-302-000015721',302,'DNI-10164668',340450,47,'2022-03-13'),(455,'FC-303-000015722',303,'DNI-10178249',245516,35,'2022-03-10'),(456,'FC-303-000015722',303,'DNI-10178249',468385,3,'2022-03-16'),(457,'FC-303-000015722',303,'DNI-10178249',374890,5,'2022-03-05'),(458,'FC-103-000015723',103,'CI-6519799',133223,10,'2022-03-02'),(459,'FC-103-000015723',103,'CI-6519799',206982,3,'2022-03-03'),(460,'FC-103-000015723',103,'CI-6519799',465749,2,'2022-03-14'),(461,'FC-104-000015724',104,'DNI-10213478',153550,9,'2022-03-14'),(462,'FC-104-000015724',104,'DNI-10213478',418306,9,'2022-03-10'),(463,'FC-303-000015725',303,'DNI-10178249',35295,3,'2022-03-20'),(464,'FC-303-000015725',303,'DNI-10178249',463573,0,'2022-03-06'),(465,'FC-303-000015725',303,'DNI-10178249',386504,2,'2022-03-24'),(466,'FC-301-000015726',301,'DNI-10174555',353914,5,'2022-03-08'),(467,'FC-301-000015726',301,'DNI-10174555',99149,5,'2022-03-25'),(468,'FC-201-000015727',201,'DNI-10154302',35111,33,'2022-03-29'),(469,'FC-201-000015727',201,'DNI-10154302',23913,2,'2022-03-06'),(470,'FC-201-000015728',201,'DNI-10030541',35223,22,'2022-03-13'),(471,'FC-201-000015728',201,'DNI-10030541',364698,8,'2022-03-07'),(472,'FC-201-000015728',201,'DNI-10030541',376102,2,'2022-03-28'),(473,'FC-302-000015729',302,'DNI-10178249',299562,5,'2022-03-12'),(474,'FC-304-000015730',304,'DNI-10037657',299216,11,'2022-03-04'),(475,'FC-304-000015730',304,'DNI-10037657',469387,0,'2022-03-29'),(476,'FC-301-000015731',301,'DNI-10046160',457561,16,'2022-03-24'),(477,'FC-301-000015731',301,'DNI-10046160',442709,10,'2022-03-04'),(478,'FC-301-000015731',301,'DNI-10046160',470052,1,'2022-03-23'),(479,'FC-304-000015732',304,'DNI-10142673',401119,30,'2022-03-20'),(480,'FC-304-000015732',304,'DNI-10142673',382866,6,'2022-03-31'),(481,'FC-302-000015733',302,'DNI-10180031',261907,114,'2022-03-01'),(482,'FC-302-000015733',302,'DNI-10180031',200933,25,'2022-03-25'),(483,'FC-302-000015733',302,'DNI-10180031',430002,6,'2022-03-06'),(484,'FC-302-000015733',302,'DNI-10180031',299357,9,'2022-03-23'),(485,'FC-202-000015734',202,'DNI-10046160',262878,51,'2022-03-02'),(486,'FC-202-000015734',202,'DNI-10046160',312478,1,'2022-03-20'),(487,'FC-202-000015734',202,'DNI-10046160',423414,10,'2022-03-18'),(488,'FC-402-000015735',402,'DNI-10023808',388918,54,'2022-03-05'),(489,'FC-402-000015735',402,'DNI-10023808',270760,9,'2022-03-20'),(490,'FC-402-000015735',402,'DNI-10023808',421506,1,'2022-03-23'),(491,'FC-401-000015736',401,'DNI-10164668',463783,12,'2022-03-16'),(492,'FC-401-000015736',401,'DNI-10164668',431219,2,'2022-03-27'),(493,'FC-401-000015736',401,'DNI-10164668',276915,5,'2022-03-15'),(494,'FC-102-000015737',102,'DNI-10050689',464974,2,'2022-03-22'),(495,'FC-102-000015737',102,'DNI-10050689',448772,12,'2022-03-20'),(496,'FC-401-000015738',401,'DNI-10115150',13628,59,'2022-03-08'),(497,'FC-401-000015738',401,'DNI-10115150',467418,3,'2022-03-26'),(498,'FC-401-000015738',401,'DNI-10115150',208719,5,'2022-03-25'),(499,'FC-401-000015738',401,'DNI-10115150',299255,8,'2022-03-05'),(500,'FC-401-000015738',401,'DNI-10115150',432719,4,'2022-03-11'),(501,'FC-101-000015739',101,'DNI-10045773',347504,12,'2022-03-24'),(502,'FC-102-000015740',102,'DNI-10212432',120844,36,'2022-03-05'),(503,'FC-102-000015740',102,'DNI-10212432',432712,5,'2022-03-16'),(504,'FC-102-000015740',102,'DNI-10212432',452605,1,'2022-03-01'),(505,'FC-105-000015741',105,'DNI-10013370',101753,34,'2022-03-15'),(506,'FC-105-000015741',105,'DNI-10013370',453433,3,'2022-03-10'),(507,'FC-105-000015741',105,'DNI-10013370',133170,2,'2022-03-06'),(508,'FC-104-000015742',104,'DNI-10027260',469384,40,'2022-03-26'),(509,'FC-104-000015742',104,'DNI-10027260',442367,7,'2022-03-13'),(510,'FC-303-000015743',303,'DNI-10173560',469206,86,'2022-03-10'),(511,'FC-303-000015743',303,'DNI-10173560',444452,8,'2022-03-09'),(512,'FC-303-000015743',303,'DNI-10173560',357495,3,'2022-03-04'),(513,'FC-303-000015743',303,'DNI-10173560',413007,2,'2022-03-30'),(514,'FC-105-000015744',105,'DNI-10018685',149220,38,'2022-03-27'),(515,'FC-105-000015744',105,'DNI-10018685',275981,2,'2022-03-10'),(516,'FC-105-000015744',105,'DNI-10018685',339240,2,'2022-03-13'),(517,'FC-105-000015744',105,'DNI-10018685',462754,2,'2022-03-11'),(518,'FC-203-000015745',203,'DNI-10193427',320790,28,'2022-03-30'),(519,'FC-203-000015745',203,'DNI-10193427',438739,3,'2022-03-30'),(520,'FC-203-000015745',203,'DNI-10193427',365286,4,'2022-03-28'),(521,'FC-303-000015746',303,'DNI-10046160',168058,157,'2022-03-31'),(522,'FC-303-000015746',303,'DNI-10046160',201159,31,'2022-03-12'),(523,'FC-303-000015746',303,'DNI-10046160',247495,2,'2022-03-05'),(524,'FC-303-000015746',303,'DNI-10046160',337806,5,'2022-03-24'),(525,'FC-401-000015747',401,'DNI-10219526',133049,1,'2022-03-28'),(526,'FC-401-000015747',401,'DNI-10219526',451306,3,'2022-03-13'),(527,'FC-401-000015747',401,'DNI-10219526',441816,3,'2022-03-09'),(528,'FC-401-000015747',401,'DNI-10219526',444764,1,'2022-03-03'),(529,'FC-204-000015748',204,'DNI-10023505',454380,3,'2022-03-29'),(530,'FC-204-000015748',204,'DNI-10023505',438574,1,'2022-03-12'),(531,'FC-104-000015749',104,'DNI-10025800',206709,5,'2022-03-07'),(532,'FC-104-000015749',104,'DNI-10025800',416128,3,'2022-03-06'),(533,'FC-104-000015749',104,'DNI-10025800',446611,1,'2022-03-10'),(534,'FC-104-000015749',104,'DNI-10025800',262167,6,'2022-03-13'),(535,'FC-201-000015750',201,'DNI-10018685',18198,43,'2022-03-25'),(536,'FC-201-000015750',201,'DNI-10018685',440372,9,'2022-03-24'),(537,'FC-201-000015750',201,'DNI-10018685',416128,9,'2022-03-13'),(538,'FC-203-000015751',203,'DNI-10156640',454053,27,'2022-03-28'),(539,'FC-203-000015751',203,'DNI-10156640',133448,5,'2022-03-06'),(540,'FC-203-000015751',203,'DNI-10156640',457197,6,'2022-03-01'),(541,'FC-203-000015751',203,'DNI-10156640',175735,1,'2022-03-25'),(542,'FC-102-000015752',102,'DNI-10006692',463593,8,'2022-03-29'),(543,'FC-102-000015752',102,'DNI-10006692',451250,11,'2022-03-30'),(544,'FC-102-000015752',102,'DNI-10006692',99565,3,'2022-03-05'),(545,'FC-103-000015753',103,'DNI-10204692',468188,16,'2022-03-27'),(546,'FC-103-000015753',103,'DNI-10204692',457889,0,'2022-03-26'),(547,'FC-103-000015753',103,'DNI-10204692',261936,2,'2022-03-27'),(548,'FC-301-000015754',301,'DNI-10070192',320790,10,'2022-03-08'),(549,'FC-301-000015754',301,'DNI-10070192',364698,2,'2022-03-24'),(550,'FC-204-000015755',204,'DNI-10173560',458117,401,'2022-03-06'),(551,'FC-204-000015755',204,'DNI-10173560',245512,24,'2022-03-06'),(552,'FC-302-000015756',302,'DNI-10035976',290644,28,'2022-03-18'),(553,'FC-302-000015756',302,'DNI-10035976',104100,1,'2022-03-19'),(554,'FC-302-000015756',302,'DNI-10035976',276440,2,'2022-03-12'),(555,'FC-304-000015757',304,'DNI-10041785',452745,7,'2022-03-07'),(556,'FC-304-000015757',304,'DNI-10041785',453191,5,'2022-03-30'),(557,'FC-304-000015757',304,'DNI-10041785',135491,1,'2022-03-19'),(558,'FC-304-000015757',304,'DNI-10041785',337692,4,'2022-03-06'),(559,'FC-303-000015758',303,'DNI-10164697',364893,37,'2022-03-15'),(560,'FC-303-000015758',303,'DNI-10164697',458440,2,'2022-03-04'),(561,'FC-202-000015759',202,'DNI-10056125',299216,15,'2022-03-28'),(562,'FC-202-000015759',202,'DNI-10056125',441281,0,'2022-03-02'),(563,'FC-302-000015760',302,'DNI-10052181',412689,34,'2022-03-02'),(564,'FC-302-000015760',302,'DNI-10052181',35264,3,'2022-03-28'),(565,'FC-204-000015761',204,'DNI-10171615',261907,4,'2022-03-20'),(566,'FC-204-000015761',204,'DNI-10171615',464974,1,'2022-03-06'),(567,'FC-101-000015762',101,'DNI-10204692',104100,52,'2022-03-16'),(568,'FC-101-000015762',101,'DNI-10204692',454021,28,'2022-03-20'),(569,'FC-201-000015763',201,'DNI-10016609',275634,69,'2022-03-24'),(570,'FC-201-000015763',201,'DNI-10016609',150330,41,'2022-03-19'),(571,'FC-201-000015763',201,'DNI-10016609',133170,1,'2022-03-10'),(572,'FC-201-000015763',201,'DNI-10016609',13628,11,'2022-03-07'),(573,'FC-302-000015764',302,'DNI-10013370',309202,5,'2022-03-14'),(574,'FC-302-000015764',302,'DNI-10013370',456260,1,'2022-03-05'),(575,'FC-203-000015765',203,'DNI-10068367',452755,3,'2022-03-12'),(576,'FC-203-000015765',203,'DNI-10068367',465766,1,'2022-03-05'),(577,'FC-102-000015766',102,'DNI-10018317',441816,106,'2022-03-08'),(578,'FC-102-000015766',102,'DNI-10018317',468385,43,'2022-03-01'),(579,'FC-102-000015766',102,'DNI-10018317',457210,1,'2022-03-26'),(580,'FC-102-000015766',102,'DNI-10018317',262880,3,'2022-03-10'),(581,'FC-103-000015767',103,'DNI-10168370',249739,4,'2022-03-18'),(582,'FC-103-000015767',103,'DNI-10168370',208719,0,'2022-03-30'),(583,'FC-103-000015767',103,'DNI-10168370',390965,1,'2022-03-31'),(584,'FC-302-000015768',302,'DNI-10171615',337907,5,'2022-03-01'),(585,'FC-302-000015768',302,'DNI-10171615',470562,5,'2022-03-29'),(586,'FC-401-000015769',401,'DNI-10069147',469230,44,'2022-03-06'),(587,'FC-401-000015769',401,'DNI-10069147',383342,20,'2022-03-25'),(588,'FC-401-000015769',401,'DNI-10069147',361587,1,'2022-03-11'),(589,'FC-401-000015769',401,'DNI-10069147',413049,20,'2022-03-14'),(590,'FC-304-000015770',304,'DNI-10219120',114161,67,'2022-03-23'),(591,'FC-304-000015770',304,'DNI-10219120',435688,15,'2022-03-23'),(592,'FC-304-000015770',304,'DNI-10219120',463802,1,'2022-03-16'),(593,'FC-304-000015770',304,'DNI-10219120',173784,2,'2022-03-16'),(594,'FC-304-000015770',304,'DNI-10219120',262167,11,'2022-03-03'),(595,'FC-103-000015771',103,'DNI-10002337',457630,38,'2022-03-04'),(596,'FC-103-000015771',103,'DNI-10002337',450227,10,'2022-03-26'),(597,'FC-402-000015772',402,'CI-22427772',270762,117,'2022-03-24'),(598,'FC-402-000015772',402,'CI-22427772',133324,64,'2022-03-09'),(599,'FC-402-000015772',402,'CI-22427772',347504,4,'2022-03-31'),(600,'FC-402-000015772',402,'CI-22427772',349201,18,'2022-03-10'),(601,'FC-401-000015773',401,'DNI-10068367',299321,15,'2022-03-27'),(602,'FC-401-000015773',401,'DNI-10068367',469384,7,'2022-03-10'),(603,'FC-401-000015773',401,'DNI-10068367',440799,7,'2022-03-16'),(604,'FC-302-000015774',302,'DNI-10165924',299913,32,'2022-03-23'),(605,'FC-302-000015774',302,'DNI-10165924',432818,12,'2022-03-17'),(606,'FC-302-000015775',302,'DNI-10156844',118796,3,'2022-03-17'),(607,'FC-401-000015776',401,'DNI-10061981',370174,1,'2022-03-15'),(608,'FC-401-000015776',401,'DNI-10061981',325970,1,'2022-03-28'),(609,'FC-303-000015777',303,'DNI-10012382',456215,69,'2022-03-10'),(610,'FC-303-000015777',303,'DNI-10012382',457890,1,'2022-03-08'),(611,'FC-101-000015778',101,'DNI-10171942',463820,53,'2022-03-29'),(612,'FC-101-000015778',101,'DNI-10171942',364889,4,'2022-03-10'),(613,'FC-101-000015778',101,'DNI-10171942',442711,1,'2022-03-26'),(614,'FC-101-000015779',101,'DNI-10171942',464945,79,'2022-03-02'),(615,'FC-101-000015779',101,'DNI-10171942',464914,19,'2022-03-21'),(616,'FC-101-000015779',101,'DNI-10171942',338857,1,'2022-03-01'),(617,'FC-301-000015780',301,'DNI-10174621',247157,8,'2022-03-09'),(618,'FC-301-000015780',301,'DNI-10174621',462243,11,'2022-03-16'),(619,'FC-301-000015781',301,'DNI-0584782',465803,2,'2022-03-05'),(620,'FC-101-000015782',101,'CI-93720248',387469,98,'2022-03-09'),(621,'FC-101-000015782',101,'CI-93720248',416124,11,'2022-03-26'),(622,'FC-101-000015782',101,'CI-93720248',170256,3,'2022-03-17'),(623,'FC-401-000015783',401,'DNI-10219507',441878,19,'2022-03-09'),(624,'FC-301-000015784',301,'DNI-10167598',120861,54,'2022-03-22'),(625,'FC-301-000015784',301,'DNI-10167598',463858,7,'2022-03-17'),(626,'FC-301-000015784',301,'DNI-10167598',461721,4,'2022-03-05'),(627,'FC-301-000015784',301,'DNI-10167598',20981,5,'2022-03-16'),(628,'FC-102-000015785',102,'CI-9279850',261912,19,'2022-03-13'),(629,'FC-102-000015785',102,'CI-9279850',335312,6,'2022-03-27'),(630,'FC-102-000015785',102,'CI-9279850',468893,1,'2022-03-09'),(631,'FC-301-000015786',301,'DNI-10219261',299675,110,'2022-03-13'),(632,'FC-301-000015786',301,'DNI-10219261',452191,30,'2022-03-12'),(633,'FC-301-000015786',301,'DNI-10219261',314540,7,'2022-03-29'),(634,'FC-301-000015786',301,'DNI-10219261',468486,5,'2022-03-02'),(635,'FC-102-000015787',102,'DNI-10174559',463584,12,'2022-03-11'),(636,'FC-102-000015787',102,'DNI-10174559',35295,1,'2022-03-21'),(637,'FC-105-000015788',105,'DNI-10204198',457199,18,'2022-03-11'),(638,'FC-105-000015788',105,'DNI-10204198',410284,7,'2022-03-29'),(639,'FC-203-000015789',203,'DNI-10172503',460393,10,'2022-03-17'),(640,'FC-402-000015790',402,'DNI-10052978',389935,19,'2022-03-11'),(641,'FC-402-000015790',402,'DNI-10052978',432818,1,'2022-03-02'),(642,'FC-104-000015791',104,'DNI-10205267',468202,1,'2022-03-19'),(643,'FC-303-000015792',303,'CI-93720248',457925,7,'2022-03-06'),(644,'FC-303-000015792',303,'CI-93720248',470559,0,'2022-03-22'),(645,'FC-303-000015792',303,'CI-93720248',222476,2,'2022-03-04'),(646,'FC-303-000015792',303,'CI-93720248',455509,1,'2022-03-26'),(647,'FC-104-000015793',104,'DNI-10016609',420823,75,'2022-03-26'),(648,'FC-104-000015793',104,'DNI-10016609',383506,6,'2022-03-31'),(649,'FC-201-000015794',201,'DNI-10032072',278571,116,'2022-03-12'),(650,'FC-201-000015794',201,'DNI-10032072',452605,43,'2022-03-05'),(651,'FC-201-000015794',201,'DNI-10032072',469206,2,'2022-03-18'),(652,'FC-201-000015794',201,'DNI-10032072',452605,5,'2022-03-05'),(653,'FC-102-000015795',102,'DNI-10006692',106976,2,'2022-03-28'),(654,'FC-102-000015795',102,'DNI-10006692',258816,4,'2022-03-25'),(655,'FC-102-000015795',102,'DNI-10006692',243997,1,'2022-03-23'),(656,'FC-201-000015796',201,'DNI-10173160',99565,14,'2022-03-07'),(657,'FC-201-000015796',201,'DNI-10173160',286685,6,'2022-03-02'),(658,'FC-201-000015796',201,'DNI-10173160',133170,3,'2022-03-01'),(659,'FC-102-000015797',102,'DNI-10027260',355716,21,'2022-03-16'),(660,'FC-102-000015797',102,'DNI-10027260',261908,8,'2022-03-01'),(661,'FC-102-000015797',102,'DNI-10027260',270774,1,'2022-03-29'),(662,'FC-102-000015797',102,'DNI-10027260',325973,1,'2022-03-31'),(663,'FC-402-000015798',402,'DNI-10018347',434225,20,'2022-03-16'),(664,'FC-204-000015799',204,'DNI-10001767',140495,59,'2022-03-24'),(665,'FC-204-000015799',204,'DNI-10001767',462011,6,'2022-03-30'),(666,'FC-204-000015799',204,'DNI-10001767',462649,14,'2022-03-30'),(667,'FC-204-000015799',204,'DNI-10001767',374890,1,'2022-03-22'),(668,'FC-204-000015799',204,'DNI-10001767',175754,2,'2022-03-04'),(669,'FC-101-000015800',101,'DNI-10215268',35264,5,'2022-03-11'),(670,'FC-101-000015800',101,'DNI-10215268',133236,10,'2022-03-17'),(671,'FC-203-000015801',203,'DNI-10018347',383509,12,'2022-03-10'),(672,'FC-203-000015801',203,'DNI-10018347',411390,6,'2022-03-06'),(673,'FC-105-000015802',105,'DNI-10030335',469049,14,'2022-03-23'),(674,'FC-105-000015802',105,'DNI-10030335',458094,35,'2022-03-23'),(675,'FC-105-000015802',105,'DNI-10030335',432818,5,'2022-03-01'),(676,'FC-105-000015802',105,'DNI-10030335',239132,6,'2022-03-20'),(677,'FC-105-000015802',105,'DNI-10030335',457563,3,'2022-03-29'),(678,'FC-301-000015803',301,'DNI-10178249',431602,36,'2022-03-21'),(679,'FC-301-000015803',301,'DNI-10178249',243997,14,'2022-03-01'),(680,'FC-301-000015803',301,'DNI-10178249',454025,6,'2022-03-10'),(681,'FC-402-000015804',402,'DNI-10050768',459230,17,'2022-03-06'),(682,'FC-402-000015804',402,'DNI-10050768',388901,4,'2022-03-19'),(683,'FC-402-000015804',402,'DNI-10050768',20332,3,'2022-03-05'),(684,'FC-402-000015804',402,'DNI-10050768',442988,1,'2022-03-07'),(685,'FC-203-000015805',203,'DNI-10167553',454053,154,'2022-03-12'),(686,'FC-203-000015805',203,'DNI-10167553',321260,4,'2022-03-27'),(687,'FC-402-000015806',402,'DNI-10162297',166870,29,'2022-03-25'),(688,'FC-402-000015806',402,'DNI-10162297',194386,0,'2022-03-19'),(689,'FC-302-000015807',302,'DNI-10013669',423413,102,'2022-03-05'),(690,'FC-302-000015807',302,'DNI-10013669',59141,17,'2022-03-22'),(691,'FC-302-000015807',302,'DNI-10013669',463801,20,'2022-03-08'),(692,'FC-201-000015808',201,'DNI-10061981',462753,9,'2022-03-18'),(693,'FC-201-000015808',201,'DNI-10061981',299338,4,'2022-03-05'),(694,'FC-201-000015808',201,'DNI-10061981',294404,1,'2022-03-09'),(695,'FC-102-000015809',102,'DNI-10025989',194963,56,'2022-03-16'),(696,'FC-102-000015809',102,'DNI-10025989',440952,7,'2022-03-25'),(697,'FC-304-000015810',304,'DNI-10204692',454728,26,'2022-03-04'),(698,'FC-304-000015810',304,'DNI-10204692',350957,4,'2022-03-16'),(699,'FC-202-000015811',202,'DNI-10153081',453064,1,'2022-03-10'),(700,'FC-202-000015811',202,'DNI-10153081',453043,7,'2022-03-30'),(701,'FC-202-000015811',202,'DNI-10153081',388465,1,'2022-03-05'),(702,'FC-102-000015812',102,'DNI-10050689',469388,18,'2022-03-09'),(703,'FC-102-000015812',102,'DNI-10050689',326560,6,'2022-03-01'),(704,'FC-201-000015813',201,'CI-94515249',469280,15,'2022-03-05'),(705,'FC-201-000015813',201,'CI-94515249',261268,4,'2022-03-04'),(706,'FC-102-000015814',102,'DNI-10018347',342844,3,'2022-03-12'),(707,'FC-102-000015814',102,'DNI-10018347',470052,8,'2022-03-29'),(708,'FC-302-000015815',302,'CI-5038366',351282,66,'2022-03-23'),(709,'FC-204-000015816',204,'DNI-10045761',421371,16,'2022-03-28'),(710,'FC-204-000015816',204,'DNI-10045761',454715,9,'2022-03-13'),(711,'FC-204-000015816',204,'DNI-10045761',351736,4,'2022-03-19'),(712,'FC-105-000015817',105,'DNI-10140018',467418,25,'2022-03-23'),(713,'FC-105-000015817',105,'DNI-10140018',104100,1,'2022-03-24'),(714,'FC-105-000015817',105,'DNI-10140018',440860,3,'2022-03-10'),(715,'FC-201-000015818',201,'DNI-10019361',206982,73,'2022-03-04'),(716,'FC-201-000015818',201,'DNI-10019361',467913,1,'2022-03-15'),(717,'FC-201-000015818',201,'DNI-10019361',436598,11,'2022-03-29'),(718,'FC-103-000015819',103,'DNI-10218915',467427,83,'2022-03-02'),(719,'FC-103-000015819',103,'DNI-10218915',390624,25,'2022-03-13'),(720,'FC-103-000015819',103,'DNI-10218915',376102,4,'2022-03-09'),(721,'FC-103-000015820',103,'DNI-10115150',370104,197,'2022-03-09'),(722,'FC-103-000015820',103,'DNI-10115150',299357,27,'2022-03-20'),(723,'FC-103-000015820',103,'DNI-10115150',387380,10,'2022-03-04'),(724,'FC-103-000015820',103,'DNI-10115150',463581,5,'2022-03-01'),(725,'FC-302-000015821',302,'DNI-10172861',279279,16,'2022-03-05'),(726,'FC-202-000015822',202,'DNI-10174621',138685,90,'2022-03-26'),(727,'FC-202-000015822',202,'DNI-10174621',270760,77,'2022-03-02'),(728,'FC-202-000015822',202,'DNI-10174621',17975,1,'2022-03-09'),(729,'FC-202-000015822',202,'DNI-10174621',120693,2,'2022-03-07'),(730,'FC-204-000015823',204,'DNI-10164668',364887,54,'2022-03-04'),(731,'FC-204-000015823',204,'DNI-10164668',446611,5,'2022-03-06'),(732,'FC-304-000015824',304,'DNI-10218915',133182,4,'2022-03-11'),(733,'FC-304-000015824',304,'DNI-10218915',470058,1,'2022-03-23'),(734,'FC-302-000015825',302,'DNI-10162297',430911,53,'2022-03-16'),(735,'FC-302-000015825',302,'DNI-10162297',320943,1,'2022-03-03'),(736,'FC-102-000015826',102,'DNI-10172604',262157,24,'2022-03-31'),(737,'FC-104-000015827',104,'DNI-10046771',454715,61,'2022-03-29'),(738,'FC-104-000015827',104,'DNI-10046771',310037,45,'2022-03-28'),(739,'FC-104-000015827',104,'DNI-10046771',444162,6,'2022-03-21'),(740,'FC-104-000015827',104,'DNI-10046771',463789,15,'2022-03-15'),(741,'FC-101-000015828',101,'DNI-10166521',351282,47,'2022-03-21'),(742,'FC-101-000015828',101,'DNI-10166521',320943,8,'2022-03-20'),(743,'FC-204-000015829',204,'DNI-10056125',357135,30,'2022-03-03'),(744,'FC-204-000015829',204,'DNI-10056125',247691,4,'2022-03-15'),(745,'FC-105-000015830',105,'DNI-10205267',421470,3,'2022-03-01'),(746,'FC-105-000015830',105,'DNI-10205267',418306,1,'2022-03-31'),(747,'FC-105-000015830',105,'DNI-10205267',315120,1,'2022-03-24'),(748,'FC-103-000015831',103,'DNI-10014411',450426,55,'2022-03-11'),(749,'FC-103-000015831',103,'DNI-10014411',365215,27,'2022-03-12'),(750,'FC-103-000015831',103,'DNI-10014411',466383,2,'2022-03-27'),(751,'FC-103-000015831',103,'DNI-10014411',464726,27,'2022-03-26'),(752,'FC-402-000015832',402,'CI-9279850',464127,94,'2022-03-18'),(753,'FC-402-000015832',402,'CI-9279850',468492,17,'2022-03-13'),(754,'FC-402-000015833',402,'DNI-10162297',347505,24,'2022-03-03'),(755,'FC-402-000015833',402,'DNI-10162297',437704,1,'2022-03-02'),(756,'FC-104-000015834',104,'DNI-10062958',457925,12,'2022-03-20'),(757,'FC-104-000015834',104,'DNI-10062958',9817,5,'2022-03-23'),(758,'FC-104-000015834',104,'DNI-10062958',23054,1,'2022-03-12'),(759,'FC-201-000015835',201,'DNI-10020936',468394,13,'2022-03-23'),(760,'FC-201-000015835',201,'DNI-10020936',261908,2,'2022-03-06'),(761,'FC-201-000015835',201,'DNI-10020936',421369,1,'2022-03-08'),(762,'FC-301-000015836',301,'CI-93720248',331361,15,'2022-03-03'),(763,'FC-301-000015836',301,'CI-93720248',314485,2,'2022-03-16'),(764,'FC-302-000015837',302,'DNI-10047000',463820,23,'2022-03-07'),(765,'FC-402-000015838',402,'DNI-10064494',469230,20,'2022-03-07'),(766,'FC-402-000015838',402,'DNI-10064494',262158,1,'2022-03-06'),(767,'FC-201-000015839',201,'DNI-10047940',413042,113,'2022-03-08'),(768,'FC-201-000015839',201,'DNI-10047940',454382,18,'2022-03-06'),(769,'FC-201-000015839',201,'DNI-10047940',448744,1,'2022-03-25'),(770,'FC-204-000015840',204,'DNI-10174496',468372,33,'2022-03-02'),(771,'FC-204-000015840',204,'DNI-10174496',469196,13,'2022-03-11'),(772,'FC-204-000015840',204,'DNI-10174496',276446,3,'2022-03-08'),(773,'FC-402-000015841',402,'DNI-10025800',353914,89,'2022-03-06'),(774,'FC-402-000015841',402,'DNI-10025800',451248,10,'2022-03-14'),(775,'FC-402-000015841',402,'DNI-10025800',463760,1,'2022-03-04'),(776,'FC-301-000015842',301,'CI-22427772',107719,48,'2022-03-14'),(777,'FC-301-000015842',301,'CI-22427772',469118,3,'2022-03-15'),(778,'FC-204-000015843',204,'DNI-10193427',133324,43,'2022-03-26'),(779,'FC-204-000015843',204,'DNI-10193427',462652,24,'2022-03-21'),(780,'FC-204-000015843',204,'DNI-10193427',315253,2,'2022-03-04'),(781,'FC-204-000015843',204,'DNI-10193427',458104,20,'2022-03-08'),(782,'FC-402-000015844',402,'DNI-10011821',463760,32,'2022-03-21'),(783,'FC-402-000015844',402,'DNI-10011821',332798,21,'2022-03-29'),(784,'FC-402-000015844',402,'DNI-10011821',463587,2,'2022-03-14'),(785,'FC-402-000015844',402,'DNI-10011821',434065,3,'2022-03-28'),(786,'FC-302-000015845',302,'DNI-10013449',120840,40,'2022-03-04'),(787,'FC-302-000015845',302,'DNI-10013449',310037,6,'2022-03-03'),(788,'FC-302-000015846',302,'DNI-10013449',201159,2,'2022-03-15'),(789,'FC-302-000015846',302,'DNI-10013449',466371,0,'2022-03-11'),(790,'FC-105-000015847',105,'DNI-10019465',314485,44,'2022-03-21'),(791,'FC-105-000015847',105,'DNI-10019465',99149,51,'2022-03-21'),(792,'FC-402-000015848',402,'DNI-10218678',269742,27,'2022-03-02'),(793,'FC-402-000015848',402,'DNI-10218678',133425,2,'2022-03-12'),(794,'FC-402-000015848',402,'DNI-10218678',412830,1,'2022-03-02'),(795,'FC-301-000015849',301,'DNI-10143726',120693,5,'2022-03-06'),(796,'FC-301-000015849',301,'DNI-10143726',261908,0,'2022-03-17'),(797,'FC-301-000015849',301,'DNI-10143726',444655,4,'2022-03-15'),(798,'FC-301-000015849',301,'DNI-10143726',353980,4,'2022-03-29'),(799,'FC-103-000015850',103,'DNI-10172964',388903,162,'2022-03-05'),(800,'FC-103-000015850',103,'DNI-10172964',445682,45,'2022-03-24'),(801,'FC-401-000015851',401,'DNI-10154149',442709,21,'2022-03-20'),(802,'FC-401-000015851',401,'DNI-10154149',199976,4,'2022-03-25'),(803,'FC-301-000015852',301,'DNI-10012984',133425,15,'2022-03-06'),(804,'FC-301-000015852',301,'DNI-10012984',390966,5,'2022-03-09'),(805,'FC-301-000015852',301,'DNI-10012984',200933,1,'2022-03-04'),(806,'FC-401-000015853',401,'DNI-10173892',199976,5,'2022-03-29'),(807,'FC-401-000015853',401,'DNI-10173892',351282,0,'2022-03-07'),(808,'FC-401-000015853',401,'DNI-10173892',175484,2,'2022-03-24'),(809,'FC-202-000015854',202,'DNI-10016609',269183,13,'2022-03-06'),(810,'FC-202-000015854',202,'DNI-10016609',290644,1,'2022-03-09'),(811,'FC-401-000015855',401,'DNI-10156640',313951,0,'2022-03-12'),(812,'FC-104-000015856',104,'DNI-10167553',445679,23,'2022-03-26'),(813,'FC-104-000015856',104,'DNI-10167553',275159,4,'2022-03-17'),(814,'FC-102-000015857',102,'DNI-10017443',118789,27,'2022-03-14'),(815,'FC-102-000015857',102,'DNI-10017443',434962,4,'2022-03-30'),(816,'FC-102-000015857',102,'DNI-10017443',209816,2,'2022-03-23'),(817,'FC-202-000015858',202,'DNI-0584782',383342,79,'2022-03-15'),(818,'FC-202-000015858',202,'DNI-0584782',462011,4,'2022-03-05'),(819,'FC-401-000015859',401,'DNI-10183307',147846,9,'2022-03-31'),(820,'FC-401-000015859',401,'DNI-10183307',413014,2,'2022-03-04'),(821,'FC-204-000015860',204,'DNI-10002337',147966,8,'2022-03-15'),(822,'FC-204-000015860',204,'DNI-10002337',269692,7,'2022-03-19'),(823,'FC-204-000015860',204,'DNI-10002337',452535,3,'2022-03-27'),(824,'FC-302-000015861',302,'CI-94515249',275159,85,'2022-03-16'),(825,'FC-302-000015861',302,'CI-94515249',459230,12,'2022-03-23'),(826,'FC-105-000015862',105,'DNI-10207347',72070,18,'2022-03-31'),(827,'FC-105-000015862',105,'DNI-10207347',469118,11,'2022-03-28'),(828,'FC-304-000015863',304,'CI-94515249',470061,103,'2022-03-07'),(829,'FC-304-000015863',304,'CI-94515249',270773,18,'2022-03-28'),(830,'FC-204-000015864',204,'DNI-10046500',467427,3,'2022-03-23'),(831,'FC-204-000015864',204,'DNI-10046500',429993,2,'2022-03-31'),(832,'FC-101-000015865',101,'DNI-10166521',20332,7,'2022-03-26'),(833,'FC-203-000015866',203,'DNI-10117296',461721,21,'2022-03-01'),(834,'FC-203-000015866',203,'DNI-10117296',470056,1,'2022-03-16'),(835,'FC-203-000015866',203,'DNI-10117296',416134,1,'2022-03-10'),(836,'FC-203-000015866',203,'DNI-10117296',314967,6,'2022-03-23'),(837,'FC-201-000015867',201,'DNI-10219057',453427,6,'2022-03-06'),(838,'FC-201-000015867',201,'DNI-10219057',173784,3,'2022-03-30'),(839,'FC-103-000015868',103,'DNI-10018709',390624,8,'2022-03-21'),(840,'FC-103-000015868',103,'DNI-10018709',361433,1,'2022-03-10'),(841,'FC-302-000015869',302,'DNI-10050768',450225,5,'2022-03-06'),(842,'FC-302-000015869',302,'DNI-10050768',35348,2,'2022-03-25'),(843,'FC-301-000015870',301,'DNI-10182764',120840,36,'2022-03-16'),(844,'FC-301-000015870',301,'DNI-10182764',468501,4,'2022-03-28'),(845,'FC-301-000015870',301,'DNI-10182764',470058,1,'2022-03-14'),(846,'FC-203-000015871',203,'DNI-10012984',469127,12,'2022-03-02'),(847,'FC-203-000015871',203,'DNI-10012984',365286,5,'2022-03-12'),(848,'FC-203-000015871',203,'DNI-10012984',451816,2,'2022-03-16'),(849,'FC-203-000015871',203,'DNI-10012984',194963,2,'2022-03-12'),(850,'FC-402-000015872',402,'DNI-10025800',295764,38,'2022-03-18'),(851,'FC-402-000015872',402,'DNI-10025800',468409,13,'2022-03-05'),(852,'FC-304-000015873',304,'DNI-10164668',453191,23,'2022-03-31'),(853,'FC-304-000015873',304,'DNI-10164668',376102,9,'2022-03-02'),(854,'FC-304-000015873',304,'DNI-10164668',463827,2,'2022-03-28'),(855,'FC-304-000015873',304,'DNI-10164668',411614,1,'2022-03-07'),(856,'FC-201-000015874',201,'DNI-10219507',17958,160,'2022-03-03'),(857,'FC-201-000015874',201,'DNI-10219507',458113,27,'2022-03-20'),(858,'FC-103-000015875',103,'DNI-10039809',388918,15,'2022-03-30'),(859,'FC-302-000015876',302,'DNI-10064494',469188,87,'2022-03-29'),(860,'FC-301-000015877',301,'DNI-10005666',359704,6,'2022-03-03'),(861,'FC-301-000015877',301,'DNI-10005666',468188,2,'2022-03-02'),(862,'FC-202-000015878',202,'DNI-10020912',463589,28,'2022-03-14'),(863,'FC-202-000015878',202,'DNI-10020912',459189,1,'2022-03-09'),(864,'FC-302-000015879',302,'DNI-10172687',413007,16,'2022-03-30'),(865,'FC-302-000015879',302,'DNI-10172687',450227,11,'2022-03-31'),(866,'FC-302-000015880',302,'DNI-10180031',454382,6,'2022-03-25'),(867,'FC-302-000015880',302,'DNI-10180031',101428,4,'2022-03-08'),(868,'FC-303-000015881',303,'DNI-10166521',463397,2,'2022-03-21'),(869,'FC-303-000015881',303,'DNI-10166521',148228,2,'2022-03-12'),(870,'FC-303-000015881',303,'DNI-10166521',382059,1,'2022-03-26'),(871,'FC-201-000015882',201,'DNI-10030541',254653,1,'2022-03-30'),(872,'FC-401-000015883',401,'DNI-10205301',430020,2,'2022-03-11'),(873,'FC-301-000015884',301,'DNI-10174621',456805,40,'2022-03-05'),(874,'FC-301-000015884',301,'DNI-10174621',357133,4,'2022-03-10'),(875,'FC-102-000015885',102,'DNI-10023808',382059,45,'2022-03-26'),(876,'FC-102-000015885',102,'DNI-10023808',133283,16,'2022-03-29'),(877,'FC-103-000015886',103,'DNI-10154302',222460,46,'2022-03-16'),(878,'FC-103-000015886',103,'DNI-10154302',201159,14,'2022-03-05'),(879,'FC-103-000015886',103,'DNI-10154302',388901,1,'2022-03-20'),(880,'FC-204-000015887',204,'DNI-10058116',388918,16,'2022-03-05'),(881,'FC-204-000015887',204,'DNI-10058116',170256,28,'2022-03-24'),(882,'FC-204-000015887',204,'DNI-10058116',133373,3,'2022-03-07'),(883,'FC-302-000015888',302,'DNI-10069147',462751,9,'2022-03-02'),(884,'FC-302-000015888',302,'DNI-10069147',261908,1,'2022-03-31'),(885,'FC-302-000015888',302,'DNI-10069147',457197,3,'2022-03-13'),(886,'FC-303-000015889',303,'DNI-10002337',413787,12,'2022-03-22'),(887,'FC-303-000015889',303,'DNI-10002337',246106,2,'2022-03-05'),(888,'FC-303-000015889',303,'DNI-10002337',435688,4,'2022-03-23'),(889,'FC-204-000015890',204,'DNI-10029854',452617,3,'2022-03-12'),(890,'FC-105-000015891',105,'DNI-10020936',275981,15,'2022-03-18'),(891,'FC-105-000015891',105,'DNI-10020936',468486,14,'2022-03-29'),(892,'FC-105-000015891',105,'DNI-10020936',363677,1,'2022-03-28'),(893,'FC-105-000015891',105,'DNI-10020936',390992,2,'2022-03-24'),(894,'FC-105-000015891',105,'DNI-10020936',400986,3,'2022-03-25'),(895,'FC-204-000015892',204,'DNI-10187219',377919,22,'2022-03-23'),(896,'FC-204-000015892',204,'DNI-10187219',467920,2,'2022-03-20'),(897,'FC-304-000015893',304,'DNI-10035976',461710,10,'2022-03-16'),(898,'FC-304-000015893',304,'DNI-10035976',390995,7,'2022-03-14'),(899,'FC-104-000015894',104,'DNI-10172503',451895,2,'2022-03-30'),(900,'FC-104-000015895',104,'DNI-10012806',338857,5,'2022-03-18'),(901,'FC-104-000015895',104,'DNI-10012806',314967,7,'2022-03-28'),(902,'FC-104-000015895',104,'DNI-10012806',114253,1,'2022-03-27'),(903,'FC-104-000015896',104,'DNI-10154113',388465,15,'2022-03-01'),(904,'FC-104-000015896',104,'DNI-10154113',147966,5,'2022-03-25'),(905,'FC-104-000015896',104,'DNI-10154113',382061,2,'2022-03-26'),(906,'FC-401-000015897',401,'DNI-10045773',444655,97,'2022-03-07'),(907,'FC-401-000015897',401,'DNI-10045773',359846,8,'2022-03-12'),(908,'FC-401-000015897',401,'DNI-10045773',351279,6,'2022-03-08'),(909,'FC-401-000015897',401,'DNI-10045773',314540,4,'2022-03-31'),(910,'FC-301-000015898',301,'DNI-10013612',319158,43,'2022-03-31'),(911,'FC-301-000015898',301,'DNI-10013612',420825,6,'2022-03-23'),(912,'FC-302-000015899',302,'DNI-10015788',463875,9,'2022-03-26'),(913,'FC-302-000015900',302,'DNI-10050768',452745,25,'2022-03-10'),(914,'FC-302-000015900',302,'DNI-10050768',440372,1,'2022-03-22'),(915,'FC-102-000015901',102,'DNI-10171323',413007,38,'2022-03-05'),(916,'FC-102-000015901',102,'DNI-10171323',299675,6,'2022-03-14'),(917,'FC-102-000015901',102,'DNI-10171323',375114,2,'2022-03-20'),(918,'FC-304-000015902',304,'DNI-10173892',410248,11,'2022-03-30'),(919,'FC-304-000015902',304,'DNI-10173892',295529,1,'2022-03-09'),(920,'FC-304-000015902',304,'DNI-10173892',357495,1,'2022-03-09'),(921,'FC-302-000015903',302,'DNI-10174931',413054,28,'2022-03-15'),(922,'FC-302-000015903',302,'DNI-10174931',463786,2,'2022-03-14'),(923,'FC-302-000015903',302,'DNI-10174931',262149,3,'2022-03-17'),(924,'FC-302-000015903',302,'DNI-10174931',434226,4,'2022-03-13'),(925,'FC-203-000015904',203,'DNI-10166521',454415,24,'2022-03-11'),(926,'FC-203-000015904',203,'DNI-10166521',262880,6,'2022-03-03'),(927,'FC-101-000015905',101,'DNI-10204198',99410,11,'2022-03-18'),(928,'FC-101-000015905',101,'DNI-10204198',96194,37,'2022-03-14'),(929,'FC-401-000015906',401,'DNI-10070192',99565,11,'2022-03-21'),(930,'FC-401-000015906',401,'DNI-10070192',457199,2,'2022-03-04'),(931,'FC-401-000015906',401,'DNI-10070192',170254,2,'2022-03-22'),(932,'FC-103-000015907',103,'DNI-10204692',400987,16,'2022-03-02'),(933,'FC-103-000015907',103,'DNI-10204692',413787,0,'2022-03-18'),(934,'FC-103-000015907',103,'DNI-10204692',434170,1,'2022-03-04'),(935,'FC-201-000015908',201,'DNI-10080564',453484,5,'2022-03-08'),(936,'FC-201-000015908',201,'DNI-10080564',469230,1,'2022-03-03'),(937,'FC-202-000015909',202,'DNI-10140018',120840,22,'2022-03-24'),(938,'FC-202-000015909',202,'DNI-10140018',463573,3,'2022-03-22'),(939,'FC-303-000015910',303,'DNI-10167553',270781,135,'2022-03-19'),(940,'FC-303-000015910',303,'DNI-10167553',180396,85,'2022-03-13'),(941,'FC-303-000015910',303,'DNI-10167553',444655,3,'2022-03-17'),(942,'FC-303-000015910',303,'DNI-10167553',457193,31,'2022-03-07'),(943,'FC-302-000015911',302,'DNI-10178249',455510,17,'2022-03-27'),(944,'FC-302-000015911',302,'DNI-10178249',470052,2,'2022-03-04'),(945,'FC-201-000015912',201,'DNI-10032072',200933,23,'2022-03-07'),(946,'FC-201-000015912',201,'DNI-10032072',445572,1,'2022-03-04'),(947,'FC-101-000015913',101,'DNI-10143726',101753,4,'2022-03-22'),(948,'FC-101-000015913',101,'DNI-10143726',276869,2,'2022-03-13'),(949,'FC-101-000015913',101,'DNI-10143726',361433,1,'2022-03-27'),(950,'FC-104-000015914',104,'DNI-10166956',222460,38,'2022-03-09'),(951,'FC-104-000015914',104,'DNI-10166956',265580,56,'2022-03-23'),(952,'FC-104-000015914',104,'DNI-10166956',122932,1,'2022-03-24'),(953,'FC-104-000015914',104,'DNI-10166956',468394,4,'2022-03-24'),(954,'FC-204-000015915',204,'DNI-10212951',412830,54,'2022-03-26'),(955,'FC-204-000015915',204,'DNI-10212951',274331,7,'2022-03-21'),(956,'FC-204-000015915',204,'DNI-10212951',166886,11,'2022-03-20'),(957,'FC-204-000015916',204,'DNI-10108287',456260,170,'2022-03-16'),(958,'FC-204-000015916',204,'DNI-10108287',438024,14,'2022-03-20'),(959,'FC-204-000015916',204,'DNI-10108287',354977,1,'2022-03-16'),(960,'FC-302-000015917',302,'DNI-10012984',448142,1,'2022-03-10'),(961,'FC-302-000015917',302,'DNI-10012984',464914,2,'2022-03-13'),(962,'FC-402-000015918',402,'DNI-10018709',456800,2,'2022-03-19'),(963,'FC-402-000015918',402,'DNI-10018709',446614,1,'2022-03-28'),(964,'FC-303-000015919',303,'DNI-10058116',457210,39,'2022-03-19'),(965,'FC-303-000015919',303,'DNI-10058116',18198,6,'2022-03-18'),(966,'FC-303-000015919',303,'DNI-10058116',133182,5,'2022-03-27'),(967,'FC-303-000015920',303,'DNI-10058116',462753,22,'2022-03-05'),(968,'FC-303-000015920',303,'DNI-10058116',274331,18,'2022-03-02'),(969,'FC-303-000015920',303,'DNI-10058116',388465,1,'2022-03-17'),(970,'FC-303-000015920',303,'DNI-10058116',434225,2,'2022-03-11'),(971,'FC-303-000015920',303,'DNI-10058116',462649,7,'2022-03-28'),(972,'FC-102-000015921',102,'DNI-10212425',412805,63,'2022-03-02'),(973,'FC-102-000015921',102,'DNI-10212425',413019,7,'2022-03-27'),(974,'FC-102-000015921',102,'DNI-10212425',420827,1,'2022-03-19'),(975,'FC-202-000015922',202,'DNI-10205301',457027,135,'2022-03-19'),(976,'FC-202-000015922',202,'DNI-10205301',35264,8,'2022-03-17'),(977,'FC-202-000015922',202,'DNI-10205301',184166,1,'2022-03-22'),(978,'FC-202-000015922',202,'DNI-10205301',453043,6,'2022-03-15'),(979,'FC-104-000015923',104,'DNI-10212951',456805,4,'2022-03-13'),(980,'FC-104-000015923',104,'DNI-10212951',451816,1,'2022-03-01'),(981,'FC-101-000015924',101,'DNI-10171615',364905,31,'2022-03-22'),(982,'FC-101-000015924',101,'DNI-10171615',376102,10,'2022-03-10'),(983,'FC-101-000015924',101,'DNI-10171615',413032,2,'2022-03-13'),(984,'FC-304-000015925',304,'DNI-10219120',276913,284,'2022-03-04'),(985,'FC-304-000015925',304,'DNI-10219120',59460,6,'2022-03-13'),(986,'FC-203-000015926',203,'DNI-10184356',457890,106,'2022-03-15'),(987,'FC-203-000015926',203,'DNI-10184356',452696,15,'2022-03-31'),(988,'FC-303-000015927',303,'DNI-10172964',446611,40,'2022-03-15'),(989,'FC-303-000015927',303,'DNI-10172964',9814,6,'2022-03-16'),(990,'FC-402-000015928',402,'DNI-10173000',463810,42,'2022-03-21'),(991,'FC-402-000015928',402,'DNI-10173000',347504,2,'2022-03-21'),(992,'FC-201-000015929',201,'DNI-10055449',451456,80,'2022-03-27'),(993,'FC-201-000015929',201,'DNI-10055449',439344,4,'2022-03-13'),(994,'FC-201-000015929',201,'DNI-10055449',410869,1,'2022-03-05'),(995,'FC-202-000015930',202,'DNI-10035847',467417,4,'2022-03-21'),(996,'FC-202-000015930',202,'DNI-10035847',468384,1,'2022-03-10');
/*!40000 ALTER TABLE `detalle_tickets` ENABLE KEYS */;
UNLOCK TABLES;

--
-- Dumping data for table `perfil_clientes`
--

LOCK TABLES `perfil_clientes` WRITE;
/*!40000 ALTER TABLE `perfil_clientes` DISABLE KEYS */;
INSERT INTO `perfil_clientes` VALUES ('CI-22427772','CI',22427772,'1972-03-29',7,NULL,'Cobre','Churn'),('CI-5038366','CI',5038366,'1949-03-07',19,NULL,'Oro','Activo'),('CI-6519666','CI',6519666,'1950-03-03',NULL,NULL,'Platino','Activo'),('CI-6519799','CI',6519799,'1951-03-14',2,NULL,'Cobre','Churn'),('CI-6657820','CI',6657820,'1951-03-09',5,NULL,'Cobre','Churn'),('CI-9279850','CI',9279850,'1932-03-10',8,NULL,'Oro','Activo'),('CI-93720248','CI',93720248,'1951-03-11',6,NULL,'Oro','Activo'),('CI-94515249','CI',94515249,'1971-03-01',8,NULL,'Plata','Activo'),('CUIT-12745282','CUIT',12745282,'1956-03-02',NULL,NULL,'Bronce','Churn'),('DNI-0584782','DNI',584782,'1938-03-17',NULL,NULL,'Bronce','Nuevo'),('DNI-0956871','DNI',956871,'1935-03-17',1,NULL,'Plata','Activo'),('DNI-10000240','DNI',10000240,'1952-03-03',1,NULL,'Platino','Activo'),('DNI-10000310','DNI',10000310,'1952-03-22',19,NULL,'Plata','Activo'),('DNI-10001767','DNI',10001767,'1952-03-03',5,NULL,'Oro','Activo'),('DNI-10002337','DNI',10002337,'1952-03-29',11,NULL,'Platino','Activo'),('DNI-10005666','DNI',10005666,'1952-03-18',11,NULL,'Platino','Activo'),('DNI-10006412','DNI',10006412,'1952-03-09',7,NULL,'Plata','Activo'),('DNI-10006692','DNI',10006692,'1951-03-14',4,NULL,'Bronce','Churn'),('DNI-10006924','DNI',10006924,'1951-03-28',15,NULL,'Oro','Activo'),('DNI-10010609','DNI',10010609,'1952-03-10',6,'MUTUAL SAN BERNARDO','Cobre','Churn'),('DNI-10011821','DNI',10011821,'1949-03-24',17,'CLUB AQUI','Plata','Churn'),('DNI-10012036','DNI',10012036,'1952-03-01',19,'CLUB LA GACETA','Bronce','Churn'),('DNI-10012382','DNI',10012382,'1965-03-15',8,NULL,'Plata','Abandonico'),('DNI-10012806','DNI',10012806,'1952-03-10',4,'CLUB LA GACETA','Oro','Activo'),('DNI-10012858','DNI',10012858,'1952-03-14',16,NULL,'Oro','Activo'),('DNI-10012984','DNI',10012984,'1952-03-29',3,NULL,'Plata','Activo'),('DNI-10013370','DNI',10013370,'1952-03-30',7,'CLUB AQUI','Plata','Abandonico'),('DNI-10013449','DNI',10013449,'1952-03-17',19,'CLUB LA GACETA','Cobre','Churn'),('DNI-10013612','DNI',10013612,'1952-03-13',19,NULL,'Oro','Activo'),('DNI-10013669','DNI',10013669,'1952-03-27',7,NULL,'Oro','Activo'),('DNI-10013691','DNI',10013691,'1952-03-15',19,NULL,'Plata','Activo'),('DNI-10013762','DNI',10013762,'1952-03-03',19,NULL,'Bronce','Churn'),('DNI-10014411','DNI',10014411,'1952-03-14',5,NULL,'Plata','Churn'),('DNI-10014440','DNI',10014440,'1952-03-16',16,NULL,'Oro','Activo'),('DNI-10015604','DNI',10015604,'1956-03-02',15,NULL,'Oro','Activo'),('DNI-10015788','DNI',10015788,'1952-03-23',10,NULL,'Platino','Activo'),('DNI-10015790','DNI',10015790,'1952-03-02',6,'CLUB LA GACETA','Oro','Activo'),('DNI-10016609','DNI',10016609,'1952-03-07',19,NULL,'Oro','Activo'),('DNI-10017251','DNI',10017251,'1952-03-15',2,'CLUB AQUI','Oro','Activo'),('DNI-10017443','DNI',10017443,'1952-03-10',0,NULL,'Cobre','Churn'),('DNI-10018317','DNI',10018317,'1952-03-20',8,NULL,'Oro','Activo'),('DNI-10018347','DNI',10018347,'1952-03-02',7,'CLUB EL TERRITORIO','Plata','Churn'),('DNI-10018685','DNI',10018685,'1952-03-27',12,NULL,'Plata','Activo'),('DNI-10018709','DNI',10018709,'1952-03-12',19,NULL,'Oro','Activo'),('DNI-10018928','DNI',10018928,'1952-03-04',19,NULL,'Bronce','Activo'),('DNI-10019077','DNI',10019077,'1952-03-18',2,NULL,'Cobre','Churn'),('DNI-10019361','DNI',10019361,'1952-03-17',15,NULL,'Plata','Abandonico'),('DNI-10019465','DNI',10019465,'1952-03-08',19,NULL,'Bronce','Nuevo'),('DNI-10019687','DNI',10019687,'1952-03-19',4,'CLUB AQUI','Platino','Activo'),('DNI-10020845','DNI',10020845,'1952-03-14',19,NULL,'Oro','Activo'),('DNI-10020912','DNI',10020912,'1952-03-14',13,NULL,'Oro','Activo'),('DNI-10020936','DNI',10020936,'1952-03-04',19,NULL,'Plata','Abandonico'),('DNI-10022628','DNI',10022628,'1951-03-21',14,NULL,'Plata','Activo'),('DNI-10023505','DNI',10023505,'1952-03-24',19,NULL,'Bronce','Churn'),('DNI-10023587','DNI',10023587,'1952-03-17',19,NULL,'Cobre','Churn'),('DNI-10023808','DNI',10023808,'1952-03-21',11,NULL,'Cobre','Churn'),('DNI-10024827','DNI',10024827,'1951-03-19',19,NULL,'Cobre','Churn'),('DNI-10025800','DNI',10025800,'1952-03-18',8,NULL,'Bronce','Churn'),('DNI-10025989','DNI',10025989,'1952-03-04',6,NULL,'Bronce','Activo'),('DNI-10027159','DNI',10027159,'1952-03-29',6,NULL,'Oro','Abandonico'),('DNI-10027260','DNI',10027260,'1952-03-20',NULL,'PROSEGUR S.A.','Bronce','Churn'),('DNI-10029854','DNI',10029854,'1952-03-29',16,NULL,'Platino','Activo'),('DNI-10030335','DNI',10030335,'1952-03-10',19,NULL,'Bronce','Churn'),('DNI-10030541','DNI',10030541,'1952-03-18',19,NULL,'Oro','Activo'),('DNI-10032072','DNI',10032072,'1952-03-17',8,NULL,'Bronce','Abandonico'),('DNI-10035007','DNI',10035007,'1952-03-12',NULL,NULL,'Cobre','Churn'),('DNI-10035847','DNI',10035847,'1952-03-18',4,NULL,'Plata','Activo'),('DNI-10035976','DNI',10035976,'1952-03-23',2,NULL,'Plata','Churn'),('DNI-10037393','DNI',10037393,'1952-03-18',7,'DIARIO LOS ANDES HNOS. CALLE SA','Plata','Activo'),('DNI-10037657','DNI',10037657,'1952-03-04',0,NULL,'Cobre','Churn'),('DNI-10039809','DNI',10039809,'1952-03-01',8,'DIARIO LOS ANDES HNOS. CALLE SA','Bronce','Churn'),('DNI-10041785','DNI',10041785,'1952-03-12',7,NULL,'Oro','Activo'),('DNI-10045761','DNI',10045761,'1952-03-01',19,NULL,'Platino','Activo'),('DNI-10045773','DNI',10045773,'1979-03-04',7,'CLUB LA VOZ','Plata','Activo'),('DNI-10046160','DNI',10046160,'1952-03-11',19,'CLUB LA VOZ','Oro','Activo'),('DNI-10046500','DNI',10046500,'1952-03-07',7,'AGUAS CORDOBESAS','Oro','Activo'),('DNI-10046771','DNI',10046771,'1952-03-08',16,NULL,'Plata','Reactivado'),('DNI-10046936','DNI',10046936,'1952-03-06',7,NULL,'Cobre','Churn'),('DNI-10047000','DNI',10047000,'1951-03-29',16,NULL,'Plata','Activo'),('DNI-10047150','DNI',10047150,'1951-03-30',4,NULL,'Cobre','Churn'),('DNI-10047940','DNI',10047940,'1952-03-10',7,'ASOCIACION MUTUALISTA DEL DOCENTE PROVINCIA DE COR','Plata','Activo'),('DNI-10048053','DNI',10048053,'1952-03-16',19,NULL,'Plata','Activo'),('DNI-10050602','DNI',10050602,'1952-03-23',8,NULL,'Bronce','Churn'),('DNI-10050689','DNI',10050689,'1952-03-14',12,NULL,'Platino','Activo'),('DNI-10050768','DNI',10050768,'1952-03-03',15,NULL,'Oro','Reactivado'),('DNI-10052181','DNI',10052181,'1952-03-02',7,'CLUB LA VOZ','Bronce','Churn'),('DNI-10052978','DNI',10052978,'1952-03-13',12,'ASOCIACION MUTUALISTA DEL DOCENTE PROVINCIA DE COR','Cobre','Churn'),('DNI-10053136','DNI',10053136,'1952-03-06',19,NULL,'Oro','Activo'),('DNI-10053179','DNI',10053179,'1952-03-25',7,'PAVIOTTI SRL','Bronce','Churn'),('DNI-10055449','DNI',10055449,'1952-03-18',12,NULL,'Cobre','Churn'),('DNI-10056125','DNI',10056125,'1952-03-11',10,NULL,'Bronce','Churn'),('DNI-10058116','DNI',10058116,'1952-03-05',1,NULL,'Oro','Activo'),('DNI-10061981','DNI',10061981,'1952-03-07',7,'NUEVA MUTUAL DEL PARANA','Oro','Activo'),('DNI-10062405','DNI',10062405,'1952-03-22',4,NULL,'Cobre','Churn'),('DNI-10062491','DNI',10062491,'1952-03-08',6,NULL,'Plata','Abandonico'),('DNI-10062958','DNI',10062958,'1952-03-13',7,'UNION OBRERA METALURGICA RAFAELA','Oro','Activo'),('DNI-10064494','DNI',10064494,'1952-03-09',4,NULL,'Platino','Activo'),('DNI-10068367','DNI',10068367,'1951-03-12',4,NULL,'Oro','Activo'),('DNI-10069147','DNI',10069147,'1952-03-16',17,'POSADAS PREMIA','Platino','Activo'),('DNI-10070192','DNI',10070192,'1952-03-21',14,NULL,'Oro','Reactivado'),('DNI-10070283','DNI',10070283,'1952-03-02',2,NULL,'Bronce','Churn'),('DNI-10080564','DNI',10080564,'1952-03-05',4,NULL,'Platino','Activo'),('DNI-10108287','DNI',10108287,'1952-03-17',7,NULL,'Oro','Activo'),('DNI-10115150','DNI',10115150,'1950-03-21',17,NULL,'Plata','Activo'),('DNI-10117296','DNI',10117296,'1952-03-15',2,NULL,'Oro','Activo'),('DNI-10125466','DNI',10125466,'1953-03-12',19,NULL,'Bronce','Churn'),('DNI-10135712','DNI',10135712,'1951-03-22',1,NULL,'Bronce','Nuevo'),('DNI-10140018','DNI',10140018,'1954-03-08',7,NULL,'Bronce','Activo'),('DNI-10142673','DNI',10142673,'1952-03-17',1,NULL,'Bronce','Churn'),('DNI-10143726','DNI',10143726,'1952-03-24',NULL,NULL,'Cobre','Churn'),('DNI-10148099','DNI',10148099,'1952-03-01',10,NULL,'Plata','Activo'),('DNI-10153081','DNI',10153081,'1952-03-15',12,'MET MEDICINA PRIVADA','Cobre','Churn'),('DNI-10154113','DNI',10154113,'1952-03-29',6,NULL,'Bronce','Churn'),('DNI-10154149','DNI',10154149,'1978-03-12',8,NULL,'Cobre','Churn'),('DNI-10154302','DNI',10154302,'1962-03-21',19,NULL,'Cobre','Churn'),('DNI-10156640','DNI',10156640,'1952-03-29',NULL,NULL,'Bronce','Churn'),('DNI-10156844','DNI',10156844,'1953-03-11',10,NULL,'Bronce','Activo'),('DNI-10162297','DNI',10162297,'1952-03-17',NULL,NULL,'Oro','Activo'),('DNI-10164668','DNI',10164668,'1952-03-26',2,NULL,'Bronce','Nuevo'),('DNI-10164694','DNI',10164694,'1953-03-07',4,NULL,'Oro','Reactivado'),('DNI-10164697','DNI',10164697,'1953-03-28',9,NULL,'Oro','Activo'),('DNI-10165924','DNI',10165924,'1952-03-13',13,NULL,'Oro','Activo'),('DNI-10166165','DNI',10166165,'1952-03-15',12,'TODO DESCUENTO','Plata','Activo'),('DNI-10166521','DNI',10166521,'1951-03-27',13,NULL,'Plata','Abandonico'),('DNI-10166821','DNI',10166821,'1952-03-26',2,NULL,'Oro','Nuevo'),('DNI-10166956','DNI',10166956,'1952-03-26',8,'CLUB AQUI','Cobre','Churn'),('DNI-10167044','DNI',10167044,'1952-03-17',14,NULL,'Oro','Abandonico'),('DNI-10167553','DNI',10167553,'1952-03-27',17,NULL,'Oro','Activo'),('DNI-10167598','DNI',10167598,'1952-03-10',3,NULL,'Cobre','Churn'),('DNI-10167752','DNI',10167752,'1951-03-16',7,NULL,'Oro','Activo'),('DNI-10168370','DNI',10168370,'1952-03-10',12,NULL,'Plata','Activo'),('DNI-10169668','DNI',10169668,'1952-03-20',5,NULL,'Cobre','Churn'),('DNI-10171323','DNI',10171323,'1952-03-08',6,'HOLCIM','Bronce','Churn'),('DNI-10171554','DNI',10171554,'1952-03-08',6,NULL,'Oro','Activo'),('DNI-10171615','DNI',10171615,'1952-03-26',3,NULL,'Platino','Activo'),('DNI-10171942','DNI',10171942,'1952-03-19',19,'CLUB LA VOZ','Plata','Reactivado'),('DNI-10172503','DNI',10172503,'1952-03-04',5,NULL,'Cobre','Churn'),('DNI-10172604','DNI',10172604,'1952-03-07',10,'CLUB LA VOZ','Plata','Activo'),('DNI-10172687','DNI',10172687,'1952-03-12',19,NULL,'Oro','Activo'),('DNI-10172861','DNI',10172861,'1951-03-31',8,NULL,'Plata','Activo'),('DNI-10172964','DNI',10172964,'1952-03-22',12,'CLUB LA VOZ','Platino','Activo'),('DNI-10173000','DNI',10173000,'1952-03-10',16,NULL,'Plata','Activo'),('DNI-10173026','DNI',10173026,'1952-03-04',16,NULL,'Bronce','Churn'),('DNI-10173160','DNI',10173160,'1951-03-13',5,'CLUB LA VOZ','Plata','Reactivado'),('DNI-10173197','DNI',10173197,'1951-03-06',4,NULL,'Oro','Activo'),('DNI-10173560','DNI',10173560,'1952-03-09',13,NULL,'Oro','Activo'),('DNI-10173892','DNI',10173892,'1952-03-13',19,'CLUB LA VOZ','Bronce','Churn'),('DNI-10173931','DNI',10173931,'1951-03-15',12,NULL,'Plata','Activo'),('DNI-10174220','DNI',10174220,'1945-03-22',7,'CLUB LA VOZ','Oro','Activo'),('DNI-10174335','DNI',10174335,'1952-03-12',7,NULL,'Bronce','Churn'),('DNI-10174496','DNI',10174496,'1952-03-07',19,NULL,'Oro','Activo'),('DNI-10174555','DNI',10174555,'1952-03-01',19,NULL,'Oro','Activo'),('DNI-10174559','DNI',10174559,'1952-03-19',19,NULL,'Bronce','Churn'),('DNI-10174621','DNI',10174621,'1952-03-05',7,NULL,'Platino','Activo'),('DNI-10174834','DNI',10174834,'1952-03-15',15,NULL,'Oro','Activo'),('DNI-10174889','DNI',10174889,'1952-03-11',16,'CLUB LA VOZ','Oro','Activo'),('DNI-10174914','DNI',10174914,'1952-03-24',5,NULL,'Cobre','Churn'),('DNI-10174931','DNI',10174931,'1955-03-03',11,'SOCIEDAD MILITAR SEGURO DE VIDA','Plata','Abandonico'),('DNI-10178249','DNI',10178249,'1954-03-11',1,NULL,'Plata','Reactivado'),('DNI-10179042','DNI',10179042,'1952-03-14',19,'GOBIERNO SAN JUAN','Platino','Activo'),('DNI-10180031','DNI',10180031,'1952-03-23',4,'POSADAS PREMIA','Plata','Reactivado'),('DNI-10182764','DNI',10182764,'1950-03-12',15,NULL,'Bronce','Churn'),('DNI-10183307','DNI',10183307,'1952-03-21',2,NULL,'Bronce','Abandonico'),('DNI-10184356','DNI',10184356,'1952-03-07',19,'CIRCULO SUBOFICIALES','Bronce','Churn'),('DNI-10187073','DNI',10187073,'1950-03-12',8,'EDITORIAL MAX TRADE S.R.L (HOY DIA CORDOBA)','Cobre','Churn'),('DNI-10187219','DNI',10187219,'1952-03-16',19,NULL,'Platino','Activo'),('DNI-10187289','DNI',10187289,'1952-03-21',11,NULL,'Oro','Activo'),('DNI-10188579','DNI',10188579,'1951-03-15',17,NULL,'Oro','Activo'),('DNI-10189793','DNI',10189793,'1952-03-10',12,NULL,'Plata','Nuevo'),('DNI-10189876','DNI',10189876,'1952-03-20',19,NULL,'Cobre','Churn'),('DNI-10193427','DNI',10193427,'1955-03-26',1,NULL,'Cobre','Churn'),('DNI-10194138','DNI',10194138,'1952-03-31',7,'CLUB CRUCERO DEL NORTE SOCIOS','Plata','Activo'),('DNI-10199763','DNI',10199763,'1952-03-29',16,'POSADAS PREMIA','Oro','Abandonico'),('DNI-10202684','DNI',10202684,'1952-03-02',6,NULL,'Plata','Reactivado'),('DNI-10202994','DNI',10202994,'1952-03-20',6,'POSADAS PREMIA','Bronce','Nuevo'),('DNI-10204176','DNI',10204176,'1952-03-09',NULL,NULL,'Plata','Activo'),('DNI-10204198','DNI',10204198,'1953-03-16',0,NULL,'Oro','Activo'),('DNI-10204692','DNI',10204692,'1953-03-22',7,NULL,'Cobre','Churn'),('DNI-10205267','DNI',10205267,'1952-03-19',19,NULL,'Plata','Abandonico'),('DNI-10205301','DNI',10205301,'1980-03-25',1,NULL,'Platino','Activo'),('DNI-10207347','DNI',10207347,'1952-03-31',4,NULL,'Oro','Activo'),('DNI-10207367','DNI',10207367,'1952-03-30',13,NULL,'Cobre','Churn'),('DNI-10207604','DNI',10207604,'1952-03-03',3,NULL,'Platino','Activo'),('DNI-10209338','DNI',10209338,'1952-03-20',19,NULL,'Oro','Activo'),('DNI-10212425','DNI',10212425,'1952-03-14',2,'CLUB AQUI','Cobre','Churn'),('DNI-10212432','DNI',10212432,'1952-03-29',2,NULL,'Bronce','Churn'),('DNI-10212951','DNI',10212951,'1953-03-22',13,NULL,'Oro','Activo'),('DNI-10213478','DNI',10213478,'1952-03-20',19,NULL,'Plata','Abandonico'),('DNI-10215268','DNI',10215268,'1952-03-21',19,NULL,'Cobre','Churn'),('DNI-10218079','DNI',10218079,'1952-03-22',19,NULL,'Oro','Activo'),('DNI-10218124','DNI',10218124,'1952-03-26',12,'CARUSO SEGUROS SA','Plata','Activo'),('DNI-10218293','DNI',10218293,'1952-03-31',9,NULL,'Cobre','Churn'),('DNI-10218678','DNI',10218678,'1952-03-01',19,NULL,'Bronce','Churn'),('DNI-10218733','DNI',10218733,'1952-03-01',9,NULL,'Bronce','Churn'),('DNI-10218792','DNI',10218792,'1952-03-06',8,NULL,'Bronce','Churn'),('DNI-10218915','DNI',10218915,'1952-03-12',5,NULL,'Platino','Activo'),('DNI-10219057','DNI',10219057,'1952-03-31',5,NULL,'Oro','Activo'),('DNI-10219089','DNI',10219089,'1952-03-10',8,NULL,'Cobre','Churn'),('DNI-10219120','DNI',10219120,'1951-03-10',8,'CLUB LA GACETA','Oro','Activo'),('DNI-10219158','DNI',10219158,'1952-03-02',19,NULL,'Oro','Activo'),('DNI-10219169','DNI',10219169,'1952-03-07',14,NULL,'Platino','Activo'),('DNI-10219261','DNI',10219261,'1952-03-16',4,'CLUB LA GACETA','Bronce','Churn'),('DNI-10219373','DNI',10219373,'1952-03-13',19,NULL,'Oro','Activo'),('DNI-10219438','DNI',10219438,'1952-03-02',9,NULL,'Platino','Activo'),('DNI-10219507','DNI',10219507,'1952-03-20',5,NULL,'Bronce','Churn'),('DNI-10219526','DNI',10219526,'1950-03-07',19,NULL,'Plata','Churn'),('DNI-10219639','DNI',10219639,'1952-03-21',19,'CLUB LA GACETA','Plata','Activo');
/*!40000 ALTER TABLE `perfil_clientes` ENABLE KEYS */;
UNLOCK TABLES;

--
-- Dumping data for table `sucursales`
--

LOCK TABLES `sucursales` WRITE;
/*!40000 ALTER TABLE `sucursales` DISABLE KEYS */;
INSERT INTO `sucursales` VALUES (101,'Centro','Poeta Lugones'),(102,'Centro','Jacinto Ríos'),(103,'Centro','Ruta 9'),(104,'Centro','Rivera Indarte'),(105,'Centro','Villa María'),(201,'NOA','Salta'),(202,'NOA','Tucumán I'),(203,'NOA','Santiago del Estero'),(204,'NOA','Tucumán II'),(301,'NOE','Rosario'),(302,'NOE','Posadas'),(303,'NOE','Rafaela'),(304,'NOE','Chaco'),(401,'Cuyo','Mendoza'),(402,'Cuyo','San Juan');
/*!40000 ALTER TABLE `sucursales` ENABLE KEYS */;
UNLOCK TABLES;
/*!40103 SET TIME_ZONE=@OLD_TIME_ZONE */;

/*!40101 SET SQL_MODE=@OLD_SQL_MODE */;
/*!40014 SET FOREIGN_KEY_CHECKS=@OLD_FOREIGN_KEY_CHECKS */;
/*!40014 SET UNIQUE_CHECKS=@OLD_UNIQUE_CHECKS */;
/*!40101 SET CHARACTER_SET_CLIENT=@OLD_CHARACTER_SET_CLIENT */;
/*!40101 SET CHARACTER_SET_RESULTS=@OLD_CHARACTER_SET_RESULTS */;
/*!40101 SET COLLATION_CONNECTION=@OLD_COLLATION_CONNECTION */;
/*!40111 SET SQL_NOTES=@OLD_SQL_NOTES */;

-- Dump completed on 2022-05-01 19:39:48
